year,noaa_fire_events,deaths_direct,deaths_indirect,deaths_total,injuries_direct,injuries_indirect,injuries_total,deadliest_fire,deadliest_fire_deaths,deaths_share_of_period
2006,71,6,0,6,37,2,39,Esperanza,5,0.029
2007,62,10,0,10,213,5,218,Harris,8,0.0483
2008,54,1,1,2,4,115,119,(không rõ tên) Western Siskiyou County,1,0.0048
2009,38,0,2,2,67,9,76,,,0.0
2010,22,0,0,0,8,1,9,,,0.0
2011,17,0,0,0,30,1,31,,,0.0
2012,22,1,0,1,9,19,28,(không rõ tên) San Diego County Mountains,1,0.0048
2013,39,1,0,1,16,34,50,Clover,1,0.0048
2014,59,1,1,2,33,23,56,Bully,1,0.0048
2015,29,7,0,7,12,0,12,Valley,4,0.0338
2016,41,4,0,4,1,5,6,Erskine,2,0.0193
2017,50,14,0,14,25,7,32,(không rõ tên) Southeastern Mendocino Interior,8,0.0676
2018,33,93,4,97,65,15,80,Camp,86,0.4493
2019,46,2,1,3,39,2,41,Sandalwood,2,0.0097
2020,109,29,1,30,163,0,163,North,16,0.1401
2021,66,1,0,1,4,0,4,Dixie,1,0.0048
2022,42,8,0,8,11,0,11,(không rõ tên) Western Siskiyou County,4,0.0386
2023,22,0,0,0,3,23,26,,,0.0
2024,45,0,0,0,36,0,36,,,0.0
2025,30,29,0,29,16,0,16,Eaton,17,0.1401
