year,metric,actual,predicted,lower_95,upper_95,is_forecast
2006,human,113.0,101.61428571428587,17.330596945293124,185.89797448327863,False
2007,human,146.0,104.78646616541391,21.47035180406351,188.1025805267643,False
2008,human,110.0,107.95864661654196,25.5121306409755,190.4051625921084,False
2009,human,95.0,111.13082706767,29.452804043017935,192.80885009232207,False
2010,human,88.0,114.30300751879713,33.28949470524002,195.31652033235423,False
2011,human,133.0,117.47518796992517,37.01962609854361,197.93074984130675,False
2012,human,120.0,120.64736842105322,40.64096881353703,200.6537680285694,False
2013,human,106.0,123.81954887218126,44.151682798425,203.48741494593753,False
2014,human,71.0,126.99172932330839,47.55035373221675,206.43310491440002,False
2015,human,94.0,130.16390977443643,50.83602192070394,209.4917976281689,False
2016,human,136.0,133.33609022556448,54.008202371831985,212.66397807929695,False
2017,human,193.0,136.50827067669252,57.066895085600876,215.94964626778415,False
2018,human,143.0,139.68045112781965,60.01258505406339,219.34831720157592,False
2019,human,132.0,142.8526315789477,62.84623197143151,222.85903118646388,False
2020,human,221.0,146.02481203007574,65.56925015869417,226.4803739014573,False
2021,human,162.0,149.19699248120378,68.18347966764667,230.21050529476088,False
2022,human,124.0,152.3691729323309,70.69114990767885,234.047195956983,False
2023,human,81.0,155.54135338345895,73.0948374078925,237.9878693590254,False
2024,human,175.0,158.713533834587,75.3974194732366,242.0296481959374,False
2025,human,192.0,161.88571428571504,77.60202551672229,246.1694030547078,False
2026,human,,165.05789473684217,79.71198776284731,250.40380171083703,True
2027,human,,168.23007518797021,81.73079284187403,254.7293575340664,True
2028,human,,171.40225563909826,83.66203555710798,259.14247572108854,True
2029,human,,174.5744360902263,85.50937583564026,263.63949634481236,True
2030,human,,177.74661654135343,87.27649959249273,268.21673349021415,True
2031,human,,180.91879699248148,88.96708396983813,272.8705100151248,True
2032,human,,184.09097744360952,90.58476717216756,277.59718771505146,True
2033,human,,187.26315789473756,92.13312291457888,282.3931928748963,True
2034,human,,190.4353383458647,93.61563933891755,287.2550373528118,True
2035,human,,193.60751879699274,95.03570213149747,292.179335462488,True
2006,natural,124.0,101.8107700183936,27.905547623520583,364.6756332536705,False
2007,natural,83.0,96.77278760007637,26.892453070297698,341.72776119750654,False
2008,natural,249.0,91.98167880056967,25.875196038232772,320.6941219804704,False
2009,natural,66.0,87.42534620098812,24.855654186673586,301.41129442374194,False
2010,natural,48.0,83.09228518593598,23.835880866771465,283.7296806474029,False
2011,natural,70.0,78.97155489467302,22.81808865135262,267.51229273212493,False
2012,natural,57.0,75.05275059573738,21.80462697426883,252.63365424497945,False
2013,natural,56.0,71.32597741528711,20.797954080472664,238.97880671575356,False
2014,natural,74.0,67.78182535280732,19.80060382721818,226.44241168006468,False
2015,natural,111.0,64.4113455211203,18.815148218730837,214.92793935494626,False
2016,natural,26.0,61.206027550687715,17.844156869045552,204.34693542024792,False
2017,natural,133.0,58.157778101163565,16.89015483769163,194.61835778488242,False
2018,natural,40.0,55.25890042592533,15.95558044187596,185.6679756546276,False
2019,natural,58.0,52.502074938002586,15.042744696980233,177.42782371338583,False
2020,natural,85.0,49.880340728318146,14.153793966794971,169.8357047946114,False
2021,natural,49.0,47.38707798958565,13.290677221856653,162.83473505295913,False
2022,natural,16.0,45.01599130147249,12.455119027111678,156.3729263331337,False
2023,natural,33.0,42.76109373483836,11.64859903738429,150.40280114890373,False
2024,natural,33.0,40.61669173490134,10.872338404677693,144.8810363993178,False
2025,natural,98.0,38.57737074516991,10.127293129733083,139.7681326301327,False
2026,natural,,36.637981535832054,9.414154052093899,135.02810626820005,True
2027,natural,,34.79362720209252,8.733352891581585,130.6282027943812,True
2028,natural,,33.03965079962339,8.085073543960396,126.53862926410584,True
2029,natural,,31.371623585903663,7.469267699913637,122.73230493093526,True
2030,natural,,29.785333837767467,6.885673796470001,119.18462898212228,True
2031,natural,,28.276776216917106,6.333838314811649,115.87326456657182,True
2032,natural,,26.842141656554915,5.813138495296142,112.77793839929515,True
2033,natural,,25.477807743591068,5.3228056352282795,109.88025527788648,True
2034,natural,,24.180329572151148,4.8619482533622715,107.16352686130833,True
2035,natural,,22.946431045282125,4.429574534718619,104.61261405285579,True
2006,undetermined,74.0,73.7142857142826,0.0,188.94620035745282,False
2007,undetermined,116.0,82.22330827067708,0.0,196.13236373218587,False
2008,undetermined,80.0,90.73233082706793,0.0,203.45247905838727,False
2009,undetermined,91.0,99.24135338345877,0.0,210.91082484188127,False
2010,undetermined,70.0,107.75037593984962,0.0,218.5113349085746,False
2011,undetermined,110.0,116.25939849624046,6.2612651261917165,226.2575318662892,False
2012,undetermined,158.0,124.76842105263131,15.384378361415173,234.15246374384745,False
2013,undetermined,131.0,133.27744360902216,24.356240974237295,242.19864624380702,False
2014,undetermined,90.0,141.786466165413,33.17491931749612,250.3980130133299,False
2015,undetermined,105.0,150.29548872180385,41.83910130574645,258.75187613786125,False
2016,undetermined,198.0,158.8045112781947,50.3481238621373,267.2608986942521,False
2017,undetermined,279.0,167.31353383458554,58.70198698666866,275.9250806825024,False
2018,undetermined,229.0,175.8225563909764,66.90135375619153,284.7437590257613,False
2019,undetermined,124.0,184.33157894736723,74.9475362561511,293.71562163858334,False
2020,undetermined,189.0,192.84060150375808,82.84246813370933,302.83873487380686,False
2021,undetermined,174.0,201.34962406014893,90.58866509142393,312.1105830288739,False
2022,undetermined,160.0,209.85864661653977,98.18917515811727,321.52811807496226,False
2023,undetermined,165.0,218.36766917293062,105.64752094161128,331.08781740424996,False
2024,undetermined,328.0,226.87669172932146,112.96763626781268,340.78574719083025,False
2025,undetermined,220.0,235.3857142857123,120.15379964254207,350.61762892888254,False
2026,undetermined,,243.89473684210316,127.21056685369396,360.5789068305123,True
2027,undetermined,,252.403759398494,134.14270479135644,370.66481400563157,True
2028,undetermined,,260.91278195488485,140.95512823885014,380.87043567091956,True
2029,undetermined,,269.4218045112757,147.6528410161588,391.1907680063926,True
2030,undetermined,,277.93082706766654,154.2408824737366,401.62077166159645,True
2031,undetermined,,286.4398496240574,160.72427996787238,412.1554192802424,True
2032,undetermined,,294.94887218044823,167.10800761960422,422.78973674129224,True
2033,undetermined,,303.4578947368391,173.3969513806404,433.51883809303774,True
2034,undetermined,,311.9669172932299,179.59588020769561,444.33795437876427,True
2035,undetermined,,320.4759398496244,185.70942298118715,455.2424567180617,True
2006,vehicle,17.0,10.300000000000182,0.0,30.199116892283467,False
2007,vehicle,15.0,11.784210526316201,0.0,31.454886109007205,False
2008,vehicle,18.0,13.268421052631766,0.0,32.73378715989766,False
2009,vehicle,16.0,14.752631578947785,0.0,34.036558889638755,False
2010,vehicle,9.0,16.23684210526335,0.0,35.363880620983124,False
2011,vehicle,19.0,17.72105263157937,0.0,36.71636066444212,False
2012,vehicle,7.0,19.205263157894933,0.31600093914880034,38.094525376641066,False
2013,vehicle,12.0,20.689473684210952,1.880138180332633,39.49880918808927,False
2014,vehicle,14.0,22.173684210526517,3.417822405478411,40.92954601557462,False
2015,vehicle,19.0,23.657894736842536,4.928827033767597,42.386962439917475,False
2016,vehicle,34.0,25.1421052631581,6.413037560083161,43.87117296623304,False
2017,vehicle,45.0,26.62631578947412,7.870453984426014,45.382177594522226,False
2018,vehicle,20.0,28.110526315789684,9.301190811911365,46.919861819668,False
2019,vehicle,27.0,29.594736842105704,10.70547462335957,48.483999060851836,False
2020,vehicle,46.0,31.078947368421268,12.08363933555852,50.07425540128402,False
2021,vehicle,31.0,32.56315789473729,13.436119379017512,51.69019641045706,False
2022,vehicle,36.0,34.04736842105285,14.763441110361882,53.33129573174382,False
2023,vehicle,22.0,35.53157894736887,16.06621284010298,54.996945054634764,False
2024,vehicle,40.0,37.015789473684436,17.34511389099343,56.68646505637544,False
2025,vehicle,41.0,38.500000000000455,18.60088310771717,58.39911689228374,False
2026,vehicle,,39.98421052631602,19.834307218118003,60.13411383451404,True
2027,vehicle,,41.46842105263204,21.046209404761914,61.89063270050217,True
2028,vehicle,,42.9526315789476,22.23743838953291,63.667824768362294,True
2029,vehicle,,44.43684210526362,23.408858269839918,65.46482594068732,True
2030,vehicle,,45.92105263157919,24.56133927875991,67.28076598439847,True
2031,vehicle,,47.405263157895206,25.695749578128638,69.11477673766177,True
2032,vehicle,,48.88947368421077,26.812948136715086,70.96599923170646,True
2033,vehicle,,50.37368421052679,27.913778697544597,72.83358972350898,True
2034,vehicle,,51.857894736842354,28.999064800062047,74.71672467362266,True
2035,vehicle,,53.34210526315837,30.069605794281017,76.61460473203573,True
