county_id,county_name,county_fips,census_population,area_sqmi,cdt_abbr
1,Alameda,06001,1682353.0,746.727263642021,ALA
2,Alpine,06003,1204.0,743.406637970396,ALP
3,Amador,06005,40474.0,606.008406791127,AMA
4,Butte,06007,211632.0,1677.81577652918,BUT
5,Calaveras,06009,45292.0,1035.54661821952,CAL
6,Colusa,06011,21839.0,1156.73127328573,COL
7,Contra Costa,06013,1165927.0,748.022350991653,CCA
8,Del Norte,06015,27743.0,1014.70634895887,DNE
9,El Dorado,06017,191185.0,1788.85034625308,EDO
10,Fresno,06019,1008654.0,6011.14085460658,FRE
11,Glenn,06021,28917.0,1325.98480234266,GLE
12,Humboldt,06023,136463.0,3612.11242361818,HUM
13,Imperial,06025,179702.0,4481.89573945085,IMP
14,Inyo,06027,19016.0,10228.9932540973,INY
15,Kern,06029,909235.0,8162.2621879118,KER
16,Kings,06031,152486.0,1391.72874089431,KIN
17,Lake,06033,68163.0,1327.87191568622,LAK
18,Lassen,06035,32730.0,4721.23915014373,LAS
19,Los Angeles,06037,10014009.0,4088.34693594557,LAC
20,Madera,06039,156255.0,2152.34178770325,MAD
21,Marin,06041,262321.0,530.850854034976,MRN
22,Mariposa,06043,17131.0,1461.92741337038,MPA
23,Mendocino,06045,91601.0,3513.10545354287,MEN
24,Merced,06047,281202.0,1977.80840455527,MER
25,Modoc,06049,8700.0,4202.6753485479,MOD
26,Mono,06051,13195.0,3130.78935009871,MNO
27,Monterey,06053,439035.0,3313.96057300726,MON
28,Napa,06055,138019.0,792.249028674965,NAP
29,Nevada,06057,102241.0,974.896405504363,NEV
30,Orange,06059,3186989.0,799.095213628004,ORA
31,Placer,06061,404739.0,1499.94455352377,PLA
32,Plumas,06063,19790.0,2613.5388309921,PLU
33,Riverside,06065,2418185.0,7301.80743968771,RIV
34,Sacramento,06067,1585055.0,993.2612295452,SAC
35,San Benito,06069,64209.0,1389.7870333743,SBT
36,San Bernardino,06071,2181654.0,20106.2131201606,SBD
37,San Diego,06073,3298634.0,4259.05392485099,SDO
38,San Francisco,06075,873965.0,47.296327508473,SFC
39,San Joaquin,06077,779233.0,1426.29808610482,SJQ
40,San Luis Obispo,06079,282424.0,3323.11157895802,SLO
41,San Mateo,06081,764442.0,455.256927222996,SMO
42,Santa Barbara,06083,448229.0,2745.31613386619,SBC
43,Santa Clara,06085,1936259.0,1300.6542445428,SCL
44,Santa Cruz,06087,270861.0,446.128076783233,SCR
45,Shasta,06089,182155.0,3852.10251955765,SHA
46,Sierra,06091,3236.0,961.051325087542,SIE
47,Siskiyou,06093,44076.0,6347.32115399392,SIS
48,Solano,06095,453491.0,852.066701619647,SOL
49,Sonoma,06097,488863.0,1590.21123514293,SON
50,Stanislaus,06099,552878.0,1516.36100349885,STA
51,Sutter,06101,99633.0,608.585594518258,SUT
52,Tehama,06103,65829.0,2957.85183077021,TEH
53,Trinity,06105,16112.0,3207.44817608571,TRI
54,Tulare,06107,473117.0,4841.70962245569,TUL
55,Tuolumne,06109,55625.0,2275.41337356416,TUO
56,Ventura,06111,843843.0,1855.75025466483,VEN
57,Yolo,06113,216403.0,1021.36705153203,YOL
58,Yuba,06115,81575.0,643.702231275499,YUB
59,Unknown,06000,,,UNK
