casualty_id,noaa_event_id,episode_id,date_id,incident_id,fire_name,zone_names,n_zones,deaths_direct,deaths_indirect,injuries_direct,injuries_indirect
1,5486819,1203871,20060123,1,PLUNGE,SAN BERNARDINO COUNTY MOUNTAINS,1,0,0,1,0
2,5490701,1204461,20060206,2,SIERRA,NE ORANGE,1,0,0,8,0
3,5509842,1210653,20060514,,TORCH,W CENTRAL S.J. VALLEY,1,0,0,0,0
4,5509843,1210654,20060526,17,ENERGY,KERN CTY MTNS,1,0,0,0,0
5,5509844,1210655,20060530,19,MOCAL,SW S.J. VALLEY,1,0,0,0,0
6,5513894,1213249,20060604,,AUBERRY,S SIERRA FOOTHILLS,1,0,0,0,0
7,5513991,1213261,20060609,26,ARRASTRE,P SW SAN BERNARDINO,1,0,0,0,0
8,5511866,1212321,20060619,33,PERKINS,P C SANTA BARBARA,1,0,0,0,0
9,5513891,1213248,20060627,59,SMITH,INDIAN WELLS VLY; KERN CTY MTNS,2,0,0,0,0
10,5517680,1214601,20060701,59,SMITH,KERN CTY MTNS,1,0,0,0,0
11,5517629,1214599,20060707,,DOCTOR,TULARE CTY FOOTHILLS,1,0,0,0,0
12,5523061,1217093,20060709,96,SAWTOOTH,APPLE AND YUCCA VALLEYS; P SW SAN BERNARDINO,2,1,0,17,0
13,5517622,1214592,20060709,93,MAGGIE,TULARE CTY MTNS,1,0,0,0,0
14,5517623,1214593,20060709,,TAMARACK,TULARE CTY MTNS,1,0,0,0,0
15,5517567,1214591,20060709,91,ARCO,KERN CTY MTNS,1,0,0,0,0
16,5523059,1217091,20060712,,CARY,P W RIVERSIDE,1,0,0,0,0
17,5523468,1216465,20060719,124,KING,S SIERRA MTNS,1,0,0,0,0
18,5516784,1214603,20060719,,,KERN CTY MTNS,1,0,0,0,0
19,5523469,1216466,20060720,,MIDDLE-T,S SIERRA MTNS,1,0,0,0,0
20,5516783,1214602,20060720,215,CLEAR,KERN CTY MTNS,1,0,0,0,0
21,5517624,1214594,20060720,127,COYOTE,TULARE CTY FOOTHILLS,1,0,0,0,0
22,5517628,1214598,20060721,135,FROG,S SIERRA MTNS,1,0,0,0,0
23,5525633,1218176,20060721,132,BURNT,S SIERRA MTNS,1,0,0,0,0
24,5523057,1217089,20060722,146,RAMP,P SW SAN BERNARDINO,1,0,0,0,0
25,5525792,1218199,20060722,,,SOUTHERN SALINAS VALLEY / ARROYO SECO / LAKE SAN ANTONIO,1,0,0,0,0
26,5523470,1216467,20060722,160,ROARING,S SIERRA MTNS,1,0,0,0,0
27,5517625,1214595,20060722,,THREE ROCKS,W CENTRAL S.J. VALLEY,1,0,0,0,0
28,5523060,1217092,20060723,127,COYOTE,P W RIVERSIDE,1,0,0,3,0
29,5523058,1217090,20060723,155,HORSE,SAN DIEGO T X W,1,0,0,5,0
30,5521425,1215069,20060723,,UNCLES,WESTERN SISKIYOU COUNTY,1,0,0,0,0
31,5521426,1215070,20060723,,HAPPY CAMP,WESTERN SISKIYOU COUNTY,1,0,0,0,0
32,5517626,1214596,20060723,162,SCOTT,KERN CTY MTNS,1,0,0,0,0
33,5517630,1214600,20060723,,AUBERRY,S SIERRA FOOTHILLS,1,0,0,0,0
34,5517627,1214597,20060724,,PINOS LIGHTNING,KERN CTY MTNS,1,0,0,0,0
35,5523471,1216468,20060725,,BRODER-BECK,TULARE CTY MTNS,1,0,0,0,0
36,5521428,1215072,20060726,,,MODOC COUNTY,1,0,0,0,0
37,5521424,1215068,20060726,,BAR,WESTERN SISKIYOU COUNTY,1,0,0,0,0
38,5521427,1215071,20060726,,,NORTH CENTRAL & SOUTHEAST SISKIYOU COUNTY,1,0,0,0,0
39,5525126,1217898,20060801,,UNCLES,WESTERN SISKIYOU COUNTY,1,0,0,0,0
40,5525127,1217899,20060801,,HAPPY CAMP,WESTERN SISKIYOU COUNTY,1,0,0,0,0
41,5525128,1217900,20060801,,BAR,WESTERN SISKIYOU COUNTY,1,0,0,0,0
42,5525129,1217901,20060801,,,NORTH CENTRAL & SOUTHEAST SISKIYOU COUNTY,1,0,0,0,0
43,5525130,1217902,20060801,,,MODOC COUNTY,1,0,0,0,0
44,5525781,1217949,20060801,,,TULARE CTY MTNS,1,0,0,0,0
45,5525782,1217950,20060801,,TAMARACK,TULARE CTY MTNS,1,0,0,0,0
46,5525783,1217951,20060801,135,FROG,S SIERRA MTNS,1,0,0,0,0
47,5525784,1217952,20060801,124,KING,S SIERRA MTNS,1,0,0,0,0
48,5525786,1217954,20060801,,MIDDLE-T,S SIERRA MTNS,1,0,0,0,0
49,5525787,1217955,20060801,160,ROARING,S SIERRA MTNS,1,0,0,0,0
50,5525864,1217956,20060801,,BRODER-BECK,TULARE CTY MTNS,1,0,0,0,0
51,5525780,1217948,20060805,217,COTTONWOOD,KERN CTY MTNS,1,0,0,1,0
52,5532730,1220151,20060808,221,MOUNTAIN,SAN BERNARDINO COUNTY VALLEY/THE INLAND EMPIRE,1,0,0,0,0
53,5532729,1220150,20060808,220,GOLF,SAN BERNARDINO COUNTY VALLEY/THE INLAND EMPIRE,1,0,0,0,0
54,5532726,1220147,20060812,117,CREEK,C RIVERSIDE,1,0,0,0,0
55,5532727,1220148,20060812,,GILMAN,X SW SAN BERNARDINO,1,0,0,1,0
56,5525785,1217953,20060821,237,BOUNDARY,S SIERRA MTNS,1,0,0,0,0
57,5532728,1220149,20060829,249,EMERALD,SAN BERNARDINO COUNTY MOUNTAINS,1,0,0,0,0
58,5531828,1219790,20060901,,BAR,WESTERN SISKIYOU COUNTY,1,0,0,0,0
59,5531829,1219791,20060901,,UNCLES,WESTERN SISKIYOU COUNTY,1,0,0,0,0
60,5531830,1219792,20060901,,HAPPY CAMP,WESTERN SISKIYOU COUNTY,1,0,0,0,0
61,5531454,1220754,20060905,260,BLUECUT,P SW SAN BERNARDINO,1,0,0,1,0
62,5524994,1218023,20060915,,MOORE,E CENTRAL S.J. VALLEY,1,0,0,0,0
63,5531453,1220753,20060916,,ORCHARD,X SW SAN BERNARDINO,1,0,0,0,0
64,5531452,1220752,20060917,,RANCH,X SW SAN BERNARDINO,1,0,0,0,0
65,5531451,1220751,20060919,274,PINNACLES,P SW SAN BERNARDINO,1,0,0,0,0
66,73,22,20061001,,BAR,WESTERN SISKIYOU COUNTY,1,0,0,0,0
67,2675,624,20061026,295,ESPERANZA,COACHELLA VALLEY; RIVERSIDE COUNTY MOUNTAINS; SAN BERNARDINO AND RIVERSIDE COUNTY VALLEYS - THE INLAND EMPIRE,3,5,0,0,0
68,4892,1153,20061121,302,JEFFERSON,SAN BERNARDINO COUNTY MOUNTAINS,1,0,0,0,0
69,6693,1159,20061202,,,SAN BERNARDINO AND RIVERSIDE COUNTY VALLEYS - THE INLAND EMPIRE,1,0,0,0,0
70,5399,1236,20061203,306,SHEKELL,VENTURA COUNTY COASTAL VALLEYS,1,0,0,0,2
71,6529,1409,20061207,,,KERN CTY MTNS,1,0,0,0,0
72,13807,2509,20070105,,,SAN BERNARDINO AND RIVERSIDE COUNTY VALLEYS - THE INLAND EMPIRE,1,0,0,0,0
73,13806,2509,20070107,312,RED STAR,SAN BERNARDINO AND RIVERSIDE COUNTY VALLEYS - THE INLAND EMPIRE,1,0,0,0,0
74,10222,2101,20070108,,,SANTA MONICA MOUNTAINS RECREATION AREA,1,0,0,0,0
75,22318,4001,20070311,,WINDY RIDGE,SANTA ANA MOUNTAINS AND FOOTHILLS,1,0,0,0,3
76,24655,4374,20070412,,,LOS ANGELES COUNTY COASTS INCLUDING DOWNTOWN LOS ANGELES,1,0,0,0,0
77,29346,5065,20070428,,,SAN BERNARDINO AND RIVERSIDE COUNTY VALLEYS - THE INLAND EMPIRE,1,0,0,0,0
78,36098,6176,20070429,,,KERN CTY MTNS,1,0,0,0,0
79,36100,6177,20070501,,,KERN CTY MTNS,1,0,0,0,0
80,36214,6202,20070507,,GYPSUM,ORANGE COUNTY COASTAL AREAS,1,0,0,0,0
81,24662,4377,20070508,,,LOS ANGELES COUNTY VALLEYS,1,0,0,1,0
82,36215,6204,20070508,349,DAWSON,SAN BERNARDINO AND RIVERSIDE COUNTY VALLEYS - THE INLAND EMPIRE,1,0,0,0,0
83,24663,4377,20070510,,,CATALINA ISLAND,1,0,0,1,0
84,36380,6243,20070513,,,KERN CTY MTNS,1,0,0,0,0
85,38176,6555,20070605,378,LARSON,MONO,1,0,0,0,0
86,38178,6556,20070623,,,LASSEN/EASTERN PLUMAS/EASTERN SIERRA,1,0,0,0,0
87,38182,6560,20070624,,,GREATER LAKE TAHOE AREA,1,0,0,3,0
88,52738,9385,20070701,,DEER,SAN DIEGO COUNTY MOUNTAINS,1,0,0,0,0
89,52735,9382,20070701,419,BANNER,SAN DIEGO COUNTY MOUNTAINS,1,0,0,0,1
90,47277,8205,20070704,425,ZACA,SANTA BARBARA COUNTY MOUNTAINS,1,0,0,0,0
91,51646,9105,20070705,,,TULARE CTY FOOTHILLS,1,0,0,0,0
92,51520,6516,20070710,451,ELK,CENTRAL SISKIYOU COUNTY,1,0,0,0,0
93,51530,6517,20070710,,CHINA-BACK,WESTERN SISKIYOU COUNTY,1,0,0,0,0
94,51531,6518,20070710,,,MODOC COUNTY,1,0,0,0,0
95,51649,9107,20070716,,,TULARE CTY MTNS,1,0,0,0,0
96,51648,9106,20070721,,,KERN CTY MTNS,1,0,0,0,0
97,47279,8206,20070801,,,SANTA BARBARA COUNTY MOUNTAINS,1,0,0,0,0
98,57428,6651,20070801,451,ELK,CENTRAL SISKIYOU COUNTY,1,0,0,0,0
99,59194,10629,20070810,,,E CENTRAL S.J. VALLEY,1,0,0,0,0
100,59511,10703,20070821,531,SNOW,RIVERSIDE COUNTY MOUNTAINS,1,0,0,0,0
101,59195,10630,20070822,,,TULARE CTY MTNS,1,0,0,0,0
102,59196,10632,20070826,,,TULARE CTY MTNS,1,0,0,0,0
103,59419,10683,20070829,549,LAZY,MENDOCINO INTERIOR,1,0,0,0,0
104,47281,8207,20070901,425,ZACA,SANTA BARBARA COUNTY MOUNTAINS,1,0,0,38,0
105,60647,11008,20070901,563,BUTLER,SAN BERNARDINO COUNTY MOUNTAINS,1,0,0,0,0
106,52598,9366,20070902,,,LOS ANGELES COUNTY MOUNTAINS EXCLUDING THE SANTA MONICA RANGE,1,0,0,0,0
107,60713,11026,20070902,,,SAN BERNARDINO AND RIVERSIDE COUNTY VALLEYS - THE INLAND EMPIRE,1,0,0,0,0
108,60258,10906,20070910,579,COLINA,SAN BERNARDINO AND RIVERSIDE COUNTY VALLEYS - THE INLAND EMPIRE,1,0,0,4,1
109,60257,10905,20070912,587,PINE,SAN DIEGO COUNTY MOUNTAINS,1,0,0,0,0
110,60648,11009,20070914,563,BUTLER,SAN BERNARDINO COUNTY MOUNTAINS,1,0,0,4,0
111,60240,10900,20070915,,ANGEL,SAN DIEGO COUNTY MOUNTAINS,1,0,0,7,0
112,60650,11011,20070926,356,POLK,COACHELLA VALLEY,1,0,0,0,0
113,60699,11021,20071020,608,RANCH,SANTA CLARITA VALLEY,1,0,0,0,0
114,60696,11021,20071021,610,CANYON,SANTA MONICA MOUNTAINS RECREATION AREA,1,0,0,0,0
115,60703,11021,20071021,,SEDGEWICK,SANTA BARBARA COUNTY MOUNTAINS,1,0,0,0,0
116,62886,11437,20071021,,HARRIS,SAN DIEGO COUNTY VALLEYS,1,8,0,61,0
117,62764,11399,20071021,,WITCH CREEK,SAN DIEGO COUNTY COASTAL AREAS; SAN DIEGO COUNTY MOUNTAINS; SAN DIEGO COUNTY VALLEYS,3,2,0,40,0
118,60700,11021,20071021,609,BUCKWEED,LOS ANGELES COUNTY MOUNTAINS EXCLUDING THE SANTA MONICA RANGE,1,0,0,0,0
119,64395,11675,20071021,618,ROCA,SAN BERNARDINO AND RIVERSIDE COUNTY VALLEYS - THE INLAND EMPIRE,1,0,0,0,0
120,64393,11673,20071021,615,MCCOY,SAN DIEGO COUNTY MOUNTAINS,1,0,0,0,0
121,64387,11668,20071021,619,SANTIAGO,ORANGE COUNTY COASTAL AREAS; SANTA ANA MOUNTAINS AND FOOTHILLS,2,0,0,16,0
122,64392,11672,20071022,624,CORONADO HILLS,SAN DIEGO COUNTY VALLEYS,1,0,0,0,0
123,64390,11670,20071022,628,SLIDE,SAN BERNARDINO COUNTY MOUNTAINS,1,0,0,9,0
124,64407,11711,20071022,656,WALKER,SAN BERNARDINO COUNTY MOUNTAINS,1,0,0,0,0
125,64394,11674,20071022,623,CAJON,SAN BERNARDINO COUNTY MOUNTAINS,1,0,0,0,0
126,60702,11021,20071022,626,MAGIC,SANTA CLARITA VALLEY,1,0,0,0,0
127,64337,11667,20071022,604,RICE,SAN DIEGO COUNTY VALLEYS,1,0,0,5,0
128,64389,11669,20071022,625,GRASS VALLEY,SAN BERNARDINO COUNTY MOUNTAINS,1,0,0,1,0
129,64391,11671,20071022,627,ROSA,SAN BERNARDINO AND RIVERSIDE COUNTY VALLEYS - THE INLAND EMPIRE,1,0,0,0,0
130,64230,11657,20071023,634,POOMACHA,SAN DIEGO COUNTY MOUNTAINS; SAN DIEGO COUNTY VALLEYS,2,0,0,15,0
131,64336,11666,20071023,630,AMMO,SAN DIEGO COUNTY COASTAL AREAS,1,0,0,6,0
132,67790,12331,20071101,,,S SIERRA MTNS,1,0,0,0,0
133,65374,11914,20071124,,HAVERFORD,SAN DIEGO COUNTY VALLEYS,1,0,0,2,0
134,83832,14775,20080418,,,WEST SLOPE NORTHERN SIERRA NEVADA,1,0,0,0,0
135,86324,14775,20080418,,,MOTHERLODE/CAMPTONVILLE TO GROVELAND,1,0,0,1,0
136,109791,18702,20080429,671,APACHE,RIVERSIDE COUNTY MOUNTAINS,1,0,0,0,0
137,109806,18705,20080501,671,APACHE,RIVERSIDE COUNTY MOUNTAINS,1,0,0,0,0
138,107464,18376,20080512,,,MOTHERLODE/CAMPTONVILLE TO GROVELAND,1,0,0,0,0
139,121169,20341,20080601,,,TULARE CTY MTNS,1,0,0,0,0
140,111052,18379,20080611,713,HUMBOLDT,NORTHEAST FOOTHILLS/SACRAMENTO VALLEY,1,0,0,0,8
141,121172,20342,20080611,,,S SIERRA MTNS,1,0,0,0,0
142,111083,18379,20080612,719,WHISKEY,MOUNTAINS SOUTHWEST SHASTA COUNTY TO NORTHERN LAKE COUNTY,1,0,0,0,0
143,123555,20823,20080620,,,NORTH COAST INTERIOR,1,0,0,0,0
144,123558,20823,20080620,,,UPPER TRINITY RIVER,1,0,0,0,0
145,123559,20823,20080620,,,MENDOCINO INTERIOR,1,0,0,0,0
146,100461,17360,20080621,,SISKIYOU,WESTERN SISKIYOU COUNTY,1,0,0,0,0
147,111092,18378,20080621,,SHU,MOUNTAINS SOUTHWEST SHASTA COUNTY TO NORTHERN LAKE COUNTY; NORTHERN SACRAMENTO VALLEY; SHASTA LAKE/NORTH SHASTA COUNTY,3,0,0,0,6
148,111257,18378,20080621,973,CANYON,MT SHASTA/WESTERN PLUMAS COUNTY,1,0,0,0,0
149,111013,18378,20080621,,BUTTE LIGHTNING,CENTRAL SACRAMENTO VALLEY; NORTHEAST FOOTHILLS/SACRAMENTO VALLEY,2,0,0,0,6
150,111337,18378,20080621,,AMERICAN RIVER,WEST SLOPE NORTHERN SIERRA NEVADA,1,0,0,0,12
151,121173,20343,20080621,,MARIPOSA,S SIERRA FOOTHILLS; S SIERRA MTNS,2,0,0,0,0
152,121177,20344,20080628,,,KERN CTY MTNS,1,0,0,0,0
153,110130,18746,20080701,,SISKIYOU,WESTERN SISKIYOU COUNTY,1,0,0,0,0
154,110132,18747,20080701,,,WESTERN SISKIYOU COUNTY,1,0,0,0,0
155,110134,18748,20080701,735,BEAR WALLOW,WESTERN SISKIYOU COUNTY,1,0,0,0,0
156,111033,18867,20080701,,LIGHTNING,CENTRAL SACRAMENTO VALLEY; NORTHEAST FOOTHILLS/SACRAMENTO VALLEY; NORTHERN SACRAMENTO VALLEY,3,0,1,0,65
157,111409,18867,20080701,,SHU,MOUNTAINS SOUTHWEST SHASTA COUNTY TO NORTHERN LAKE COUNTY; NORTHERN SACRAMENTO VALLEY; SHASTA LAKE/NORTH SHASTA COUNTY,3,0,0,0,0
158,111436,18867,20080701,973,CANYON,BURNEY BASIN/EASTERN SHASTA COUNTY,1,0,0,2,0
159,111438,18867,20080701,,AMERICAN RIVER,WEST SLOPE NORTHERN SIERRA NEVADA,1,0,0,1,0
160,137041,23434,20080701,,,S SIERRA MTNS,1,0,0,0,0
161,137043,23432,20080701,,,TULARE CTY MTNS,1,0,0,0,0
162,137044,23436,20080701,,SILVER,S SIERRA MTNS,1,0,0,0,0
163,137045,23437,20080701,,,KERN CTY MTNS,1,0,0,0,0
164,104675,18009,20080701,,,SANTA BARBARA COUNTY MOUNTAINS,1,0,0,0,0
165,113837,18715,20080703,933,RIDGE,SAN BERNARDINO COUNTY MOUNTAINS,1,0,0,0,1
166,137055,23439,20080719,971,TEHIPITE,S SIERRA MTNS,1,0,0,0,0
167,110133,18749,20080722,,,WESTERN SISKIYOU COUNTY,1,1,0,0,0
168,137053,23438,20080725,,,S SIERRA MTNS,1,0,0,0,0
169,124062,20949,20080801,,SISKIYOU,WESTERN SISKIYOU COUNTY,1,0,0,0,0
170,124067,20950,20080801,,,WESTERN SISKIYOU COUNTY,1,0,0,0,0
171,124073,20956,20080801,,,WESTERN SISKIYOU COUNTY,1,0,0,0,0
172,132450,22545,20080801,973,CANYON,BURNEY BASIN/EASTERN SHASTA COUNTY,1,0,0,0,0
173,134105,22890,20080801,971,TEHIPITE,S SIERRA MTNS,1,0,0,0,0
174,132455,22547,20080803,,,CENTRAL SACRAMENTO VALLEY,1,0,0,0,0
175,132452,22544,20080806,,,CENTRAL SACRAMENTO VALLEY,1,0,0,0,0
176,131333,22353,20080901,,,WESTERN SISKIYOU COUNTY,1,0,0,0,0
177,131334,22354,20080901,,,WESTERN SISKIYOU COUNTY,1,0,0,0,0
178,131340,22358,20080901,,SISKIYOU,WESTERN SISKIYOU COUNTY,1,0,0,0,0
179,137031,23429,20080901,,,S SIERRA MTNS,1,0,0,0,0
180,137033,23430,20080910,,,TULARE CTY MTNS,1,0,0,0,0
181,137034,23431,20080911,,,S SIERRA FOOTHILLS,1,0,0,0,0
182,134070,22886,20081012,1064,MAREK,LOS ANGELES COUNTY MOUNTAINS EXCLUDING THE SANTA MONICA RANGE; SANTA CLARITA VALLEY,2,0,0,0,0
183,138979,23816,20081013,,JULIET,SAN DIEGO COUNTY COASTAL AREAS,1,0,0,0,1
184,138976,23813,20081014,1067,SHOCKEY,SAN DIEGO COUNTY MOUNTAINS,1,0,0,0,2
185,141546,24332,20081113,1078,TEA,SANTA BARBARA COUNTY MOUNTAINS; SANTA BARBARA COUNTY SOUTH COAST,2,0,0,0,0
186,141549,24332,20081114,1080,SAYRE,LOS ANGELES COUNTY MOUNTAINS EXCLUDING THE SANTA MONICA RANGE; LOS ANGELES COUNTY SAN FERNANDO VALLEY,2,0,0,0,0
187,141232,24275,20081115,1081,FREEWAY,ORANGE COUNTY COASTAL AREAS; SAN BERNARDINO AND RIVERSIDE COUNTY VALLEYS - THE INLAND EMPIRE,2,0,0,0,14
188,158586,27041,20090322,,,COACHELLA VALLEY,1,0,0,0,0
189,158587,27041,20090322,,,COACHELLA VALLEY,1,0,0,0,0
190,166787,28354,20090403,,,COACHELLA VALLEY,1,0,0,0,0
191,169358,28801,20090505,1115,JESUSITA,SANTA BARBARA COUNTY MOUNTAINS; SANTA BARBARA COUNTY SOUTH COAST,2,0,0,30,0
192,173054,29515,20090512,,,SAN DIEGO COUNTY COASTAL AREAS,1,0,0,0,0
193,173050,29510,20090527,,,SAN BERNARDINO AND RIVERSIDE COUNTY VALLEYS - THE INLAND EMPIRE,1,0,0,0,0
194,185358,31549,20090601,,,S SIERRA MTNS,1,0,0,0,0
195,185359,31553,20090607,,,S SIERRA MTNS,1,0,0,0,0
196,185380,31552,20090617,,,TULARE CTY MTNS,1,0,0,0,0
197,191719,32828,20090701,,,TULARE CTY MTNS,1,0,0,0,0
198,186730,31466,20090726,1230,KNIGHT,MOTHERLODE/CAMPTONVILLE TO GROVELAND,1,0,0,0,0
199,191846,32874,20090801,1230,KNIGHT,WEST SLOPE NORTHERN SIERRA NEVADA,1,0,0,0,0
200,191830,32846,20090801,,HAT CREEK,BURNEY BASIN/EASTERN SHASTA COUNTY,1,0,0,0,0
201,191853,32846,20090801,,SHU,BURNEY BASIN/EASTERN SHASTA COUNTY,1,0,0,0,0
202,191854,32846,20090801,,THE,SHASTA LAKE/NORTH SHASTA COUNTY,1,0,0,0,0
203,186261,31718,20090802,,,WESTERN SISKIYOU COUNTY,1,0,0,0,0
204,193860,33283,20090808,,,SANTA BARBARA COUNTY MOUNTAINS,1,0,0,0,0
205,191777,32844,20090816,1278,ELEPHANT,MT SHASTA/WESTERN PLUMAS COUNTY,1,0,0,0,0
206,186257,31717,20090821,,,WESTERN SISKIYOU COUNTY,1,0,0,0,0
207,193865,33286,20090826,1288,STATION,LOS ANGELES COUNTY MOUNTAINS EXCLUDING THE SANTA MONICA RANGE,1,0,2,0,0
208,194621,33473,20090827,1289,COTTONWOOD,RIVERSIDE COUNTY MOUNTAINS; SAN BERNARDINO AND RIVERSIDE COUNTY VALLEYS - THE INLAND EMPIRE,2,0,0,0,5
209,194628,33474,20090830,,GLEN III,SAN BERNARDINO COUNTY MOUNTAINS,1,0,0,4,0
210,194638,33475,20090831,1299,PENDLETON,SAN BERNARDINO COUNTY MOUNTAINS,1,0,0,1,0
211,188327,32132,20090901,,,WESTERN SISKIYOU COUNTY,1,0,0,0,0
212,193866,33287,20090901,1288,STATION,LOS ANGELES COUNTY MOUNTAINS EXCLUDING THE SANTA MONICA RANGE,1,0,0,0,0
213,196544,33938,20090901,,GLEN III,SAN BERNARDINO COUNTY MOUNTAINS,1,0,0,0,0
214,196545,33939,20090901,1299,PENDLETON,SAN BERNARDINO COUNTY MOUNTAINS,1,0,0,0,0
215,197260,34078,20090901,,,S SIERRA MTNS,1,0,0,0,0
216,198197,34240,20090907,1305,OASIS,CLEAR LAKE/SOUTHERN LAKE COUNTY,1,0,0,0,4
217,197472,34080,20090913,1312,TELEGRAPH,WEST SLOPE NORTHERN SIERRA NEVADA,1,0,0,0,0
218,197476,34119,20090919,1314,SILVER,MT SHASTA/WESTERN PLUMAS COUNTY,1,0,0,0,0
219,193867,33288,20090922,,,VENTURA COUNTY INTERIOR VALLEYS,1,0,0,10,0
220,193868,33288,20090922,,,VENTURA COUNTY COASTAL VALLEYS,1,0,0,10,0
221,197793,34177,20090922,,THE,SAN BERNARDINO AND RIVERSIDE COUNTY VALLEYS - THE INLAND EMPIRE,1,0,0,0,0
222,197794,34177,20090922,,,SAN BERNARDINO AND RIVERSIDE COUNTY VALLEYS - THE INLAND EMPIRE,1,0,0,0,0
223,197261,34079,20090926,,,TULARE CTY FOOTHILLS,1,0,0,0,0
224,200087,34652,20091003,1332,SHEEP,SAN BERNARDINO COUNTY MOUNTAINS,1,0,0,8,0
225,201047,34862,20091116,,,ORANGE COUNTY COASTAL AREAS,1,0,0,4,0
226,234746,40345,20100520,1362,MCKINLEY,SAN BERNARDINO AND RIVERSIDE COUNTY VALLEYS - THE INLAND EMPIRE,1,0,0,0,1
227,250167,42906,20100713,,CAMP PENDLETON,SAN DIEGO COUNTY COASTAL AREAS,1,0,0,0,0
228,250175,42912,20100715,,STETSON,SAN BERNARDINO AND RIVERSIDE COUNTY VALLEYS - THE INLAND EMPIRE,1,0,0,1,0
229,250169,42907,20100715,1422,CACTUS,RIVERSIDE COUNTY MOUNTAINS,1,0,0,0,0
230,250171,42909,20100715,1428,SKINNER,SAN BERNARDINO AND RIVERSIDE COUNTY VALLEYS - THE INLAND EMPIRE,1,0,0,0,0
231,250178,42913,20100715,1427,SADDLE,SAN BERNARDINO AND RIVERSIDE COUNTY VALLEYS - THE INLAND EMPIRE,1,0,0,0,0
232,250163,42899,20100717,1433,MAYWOOD,SAN BERNARDINO AND RIVERSIDE COUNTY VALLEYS - THE INLAND EMPIRE,1,0,0,1,0
233,254581,43793,20100726,,KERN COUNTY,KERN CTY MTNS; TULARE CTY MTNS,2,0,0,0,0
234,240228,41272,20100801,1476,DUTCH,WESTERN SISKIYOU COUNTY,1,0,0,0,0
235,259373,44713,20100801,,,S SIERRA MTNS,1,0,0,0,0
236,259375,44715,20100801,,,TULARE CTY MTNS,1,0,0,0,0
237,257607,44331,20100803,,,SAN BERNARDINO AND RIVERSIDE COUNTY VALLEYS - THE INLAND EMPIRE,1,0,0,2,0
238,259374,44714,20100807,,,S SIERRA MTNS,1,0,0,0,0
239,259376,44716,20100824,,KERN COUNTY,KERN CTY MTNS,1,0,0,0,0
240,257611,44333,20100826,,,SAN BERNARDINO COUNTY MOUNTAINS,1,0,0,0,0
241,266325,45905,20100901,,,S SIERRA MTNS,1,0,0,0,0
242,266326,45906,20100901,,,S SIERRA MTNS,1,0,0,0,0
243,266328,45908,20100901,,,S SIERRA MTNS,1,0,0,0,0
244,266329,45909,20100901,,,S SIERRA MTNS,1,0,0,0,0
245,266330,45905,20100901,,,TULARE CTY MTNS,1,0,0,0,0
246,266327,45907,20100912,,,KERN CTY MTNS,1,0,0,0,0
247,260002,44852,20100923,,,SANTA ANA MOUNTAINS AND FOOTHILLS,1,0,0,4,0
248,285318,48780,20110318,1558,CENTER,OWENS VALLEY,1,0,0,0,0
249,334380,55794,20110715,,,NORTHEAST SISKIYOU AND NORTHWEST MODOC COUNTIES,1,0,0,0,0
250,331689,55228,20110721,,,SAN DIEGO COUNTY MOUNTAINS,1,0,0,18,0
251,345740,57597,20110801,,,TULARE CTY MTNS,1,0,0,0,0
252,345744,57599,20110801,,,S SIERRA MTNS,1,0,0,0,0
253,340268,56798,20110806,,,SAN BERNARDINO AND RIVERSIDE COUNTY VALLEYS - THE INLAND EMPIRE,1,0,0,4,0
254,334377,55791,20110819,,,WESTERN SISKIYOU COUNTY,1,0,0,0,0
255,340269,56799,20110822,,,SAN BERNARDINO COUNTY MOUNTAINS,1,0,0,2,0
256,345742,57598,20110825,,,S SIERRA MTNS,1,0,0,0,0
257,340277,56802,20110827,,,SAN BERNARDINO COUNTY MOUNTAINS,1,0,0,3,0
258,334378,55792,20110901,,,WESTERN SISKIYOU COUNTY,1,0,0,0,0
259,346389,57721,20110902,,,APPLE AND LUCERNE VALLEYS,1,0,0,0,1
260,350035,58366,20110904,,,KERN CTY MTNS,1,0,0,0,0
261,350022,58364,20110910,,LIGHTNING TENNESSEE,KERN CTY MTNS; S SIERRA MTNS; TULARE CTY MTNS,3,0,0,0,0
262,344570,55719,20110913,1793,JOHN,OWENS VALLEY,1,0,0,2,0
263,346388,57720,20110924,,,COACHELLA VALLEY,1,0,0,0,0
264,350444,58421,20111001,,,SAN DIEGO COUNTY MOUNTAINS,1,0,0,1,0
265,359835,60275,20120112,,,SAN BERNARDINO COUNTY MOUNTAINS,1,0,0,2,0
266,381018,63664,20120524,,,SAN DIEGO COUNTY MOUNTAINS,1,0,0,0,3
267,396674,66140,20120601,,,TULARE CTY MTNS,1,0,0,0,0
268,396677,66141,20120612,,,S SIERRA FOOTHILLS,1,0,0,0,0
269,386402,64600,20120616,,,SAN BERNARDINO AND RIVERSIDE COUNTY VALLEYS - THE INLAND EMPIRE,1,0,0,0,0
270,386410,64603,20120617,,,SAN DIEGO COUNTY MOUNTAINS,1,0,0,0,0
271,386406,64602,20120617,,,SAN BERNARDINO AND RIVERSIDE COUNTY VALLEYS - THE INLAND EMPIRE,1,0,0,0,0
272,405828,67651,20120715,,,TULARE CTY MTNS,1,0,0,0,0
273,405829,67652,20120717,,KERN COUNTY,KERN CTY MTNS,1,0,0,0,0
274,410782,68460,20120801,,,S SIERRA MTNS,1,0,0,0,0
275,398052,66397,20120801,,,SAN BERNARDINO AND RIVERSIDE COUNTY VALLEYS - THE INLAND EMPIRE,1,0,0,3,0
276,400985,66829,20120805,,FORT,WESTERN SISKIYOU COUNTY,1,0,0,0,0
277,399891,66656,20120809,,,SAN DIEGO COUNTY MOUNTAINS,1,0,0,2,0
278,403742,67337,20120812,,VALLECITO LIGHTNING,SAN DIEGO COUNTY MOUNTAINS,1,0,0,0,4
279,407761,67976,20120814,,,RIVERSIDE COUNTY MOUNTAINS,1,0,0,1,5
280,407808,67987,20120820,,,SAN BERNARDINO AND RIVERSIDE COUNTY VALLEYS - THE INLAND EMPIRE,1,0,0,0,2
281,400979,66824,20120821,,,MODOC COUNTY,1,0,0,0,0
282,400987,66831,20120901,,FORT,WESTERN SISKIYOU COUNTY,1,0,0,0,0
283,400990,66834,20120905,,,MODOC COUNTY,1,0,0,0,0
284,413262,68897,20120906,,,SAN BERNARDINO AND RIVERSIDE COUNTY VALLEYS - THE INLAND EMPIRE,1,0,0,1,0
285,413263,68898,20120923,,,SAN DIEGO COUNTY MOUNTAINS,1,1,0,0,3
286,418325,69731,20121105,,,SAN BERNARDINO COUNTY MOUNTAINS,1,0,0,0,2
287,438666,72698,20130301,,,SAN BERNARDINO AND RIVERSIDE COUNTY VALLEYS - THE INLAND EMPIRE,1,0,0,0,0
288,455396,75410,20130501,2235,YELLOW,NORTH BAY MOUNTAINS,1,0,0,0,0
289,448553,74172,20130501,,,SAN BERNARDINO AND RIVERSIDE COUNTY VALLEYS - THE INLAND EMPIRE,1,0,0,0,0
290,439712,72867,20130502,2237,SPRINGS,VENTURA COUNTY COAST; VENTURA COUNTY COASTAL VALLEYS,2,0,0,0,0
291,448564,74174,20130502,,,SAN BERNARDINO AND RIVERSIDE COUNTY VALLEYS - THE INLAND EMPIRE,1,0,0,0,0
292,455423,75414,20130513,,,SANTA LUCIA MOUNTAINS AND LOS PADRES NATIONAL FOREST,1,0,0,0,0
293,454598,75245,20130515,2260,GRAND,VENTURA COUNTY MOUNTAINS,1,0,0,0,0
294,454606,75247,20130530,2278,POWERHOUSE,ANTELOPE VALLEY; LOS ANGELES COUNTY MOUNTAINS EXCLUDING THE SANTA MONICA RANGE,2,0,0,0,0
295,454612,75250,20130601,2278,POWERHOUSE,ANTELOPE VALLEY; LOS ANGELES COUNTY MOUNTAINS EXCLUDING THE SANTA MONICA RANGE,2,0,0,0,0
296,460707,76405,20130609,2287,HATHAWAY,SAN BERNARDINO COUNTY MOUNTAINS,1,0,0,0,10
297,510100,84499,20130616,,,S SIERRA FOOTHILLS,1,0,0,0,0
298,460700,76403,20130628,,,SAN BERNARDINO COUNTY MOUNTAINS,1,0,0,0,0
299,469418,77814,20130706,2323,CHARIOT,SAN DIEGO COUNTY MOUNTAINS,1,0,0,0,12
300,469082,77801,20130715,2338,MOUNTAIN,RIVERSIDE COUNTY MOUNTAINS,1,0,0,0,0
301,510098,84497,20130719,,KERN,KERN CTY MTNS,1,0,0,0,0
302,510099,84498,20130723,,,KERN CTY MTNS,1,0,0,0,0
303,466046,75982,20130801,2364,SALMON,WESTERN SISKIYOU COUNTY,1,0,0,0,0
304,466051,77176,20130801,,ORLEANS,WESTERN SISKIYOU COUNTY,1,0,0,0,0
305,510086,84490,20130801,2347,ASPEN,S SIERRA FOOTHILLS,1,0,0,0,0
306,473519,78807,20130805,2375,FALLS,SANTA ANA MOUNTAINS AND FOOTHILLS,1,0,0,0,0
307,473532,78808,20130807,2381,SILVER,RIVERSIDE COUNTY MOUNTAINS,1,0,0,0,12
308,473811,78909,20130817,2399,RIM,WEST SLOPE NORTHERN SIERRA NEVADA,1,0,0,5,0
309,510088,84492,20130818,,,KERN CTY MTNS,1,0,0,0,0
310,510090,84494,20130818,,,KERN CTY MTNS,1,0,0,0,0
311,473536,78810,20130819,2414,GOBBLERS,SAN BERNARDINO COUNTY MOUNTAINS,1,0,0,0,0
312,475340,79229,20130822,,,SANTA LUCIA MOUNTAINS AND LOS PADRES NATIONAL FOREST,1,0,0,0,0
313,510087,84491,20130823,,,TULARE CTY MTNS,1,0,0,0,0
314,510089,84493,20130823,,,S SIERRA MTNS,1,0,0,0,0
315,469817,77178,20130901,,FORKS,WESTERN SISKIYOU COUNTY,1,0,0,0,0
316,476865,79496,20130901,2399,RIM,WEST SLOPE NORTHERN SIERRA NEVADA,1,0,0,5,0
317,510076,84487,20130901,2399,RIM,S SIERRA MTNS,1,0,0,0,0
318,510075,84486,20130908,,,TULARE CTY MTNS,1,0,0,0,0
319,476866,79497,20130909,2444,CLOVER,NORTHERN SACRAMENTO VALLEY,1,1,0,6,0
320,478850,79899,20130924,,,SAN BERNARDINO COUNTY MOUNTAINS,1,0,0,0,0
321,476867,79498,20131001,2399,RIM,WEST SLOPE NORTHERN SIERRA NEVADA,1,0,0,0,0
322,481644,80408,20131004,,,NORTH BAY MOUNTAINS,1,0,0,0,0
323,481199,80338,20131005,,,SAN DIEGO COUNTY COASTAL AREAS,1,0,0,0,0
324,486126,81111,20131120,,,NORTH BAY MOUNTAINS,1,0,0,0,0
325,491970,81912,20131217,2492,PFEIFFER,SOUTHERN MONTEREY BAY AND BIG SUR COAST,1,0,0,0,0
326,510074,84485,20140113,,,TULARE CTY MTNS,1,0,0,0,0
327,498029,82663,20140116,,,LOS ANGELES COUNTY MOUNTAINS EXCLUDING THE SANTA MONICA RANGE,1,0,0,0,0
328,498030,82663,20140116,,,LOS ANGELES COUNTY SAN GABRIEL VALLEY,1,0,0,0,0
329,509773,84439,20140315,,PIERCE,COACHELLA VALLEY,1,0,0,0,0
330,511806,84730,20140430,,,SAN BERNARDINO AND RIVERSIDE COUNTY VALLEYS - THE INLAND EMPIRE,1,0,0,0,3
331,522306,86569,20140501,,,SAN BERNARDINO AND RIVERSIDE COUNTY VALLEYS - THE INLAND EMPIRE,1,0,0,0,3
332,522913,86649,20140513,2531,BERNARDO,SAN DIEGO COUNTY VALLEYS,1,0,0,0,3
333,529055,87679,20140513,,,KERN CTY MTNS,1,0,0,0,0
334,522958,86649,20140514,2542,TOMAHAWK,SAN DIEGO COUNTY VALLEYS,1,0,0,0,0
335,522980,86649,20140514,2536,POINSETTIA,SAN DIEGO COUNTY COASTAL AREAS,1,0,0,0,0
336,522919,86649,20140514,2537,RIVER,SAN DIEGO COUNTY COASTAL AREAS,1,0,0,0,0
337,522923,86649,20140514,2535,HIGHWAY,SAN DIEGO COUNTY VALLEYS,1,0,0,0,0
338,522967,86649,20140514,2534,COCOS,SAN DIEGO COUNTY VALLEYS,1,0,0,0,3
339,522942,86649,20140515,2541,PULGAS,SAN DIEGO COUNTY COASTAL AREAS,1,0,0,0,0
340,522947,86649,20140516,,SAN MATEO,SAN DIEGO COUNTY COASTAL AREAS,1,0,0,0,0
341,510293,84527,20140526,,,S SIERRA FOOTHILLS,1,0,0,0,0
342,517670,85738,20140601,,,S SIERRA FOOTHILLS,1,0,0,0,0
343,529059,87680,20140601,,,KERN CTY MTNS,1,0,0,0,0
344,529062,87681,20140701,,,KERN CTY MTNS,1,0,0,0,0
345,528800,87609,20140701,,MODOC JULY,MODOC COUNTY,1,0,0,0,0
346,535048,88730,20140703,2575,BANNER,SAN DIEGO COUNTY MOUNTAINS,1,0,0,0,4
347,528802,87611,20140703,,,MODOC COUNTY,1,0,0,0,0
348,532944,88362,20140704,,,CARQUINEZ STRAIT AND DELTA,1,0,0,0,0
349,529064,87683,20140711,,,KERN CTY MTNS,1,0,0,0,0
350,532943,88361,20140711,2587,BULLY,MOUNTAINS SOUTHWEST SHASTA COUNTY TO NORTHERN LAKE COUNTY,1,1,0,21,0
351,533027,88378,20140716,,,S SIERRA MTNS,1,0,0,0,0
352,532942,88360,20140725,2629,SAND,MOTHERLODE/CAMPTONVILLE TO GROVELAND,1,0,0,2,0
353,529089,87691,20140726,,,S SIERRA FOOTHILLS,1,0,0,0,0
354,529091,87691,20140726,,,S SIERRA MTNS,1,0,0,0,0
355,529101,87694,20140728,,,S SIERRA MTNS,1,0,0,0,0
356,529102,87694,20140728,,,S SIERRA FOOTHILLS,1,0,0,0,0
357,528814,87619,20140729,,,WESTERN SISKIYOU COUNTY,1,0,0,0,0
358,528815,87620,20140729,,,WESTERN SISKIYOU COUNTY,1,0,0,0,0
359,528816,87621,20140729,,,WESTERN SISKIYOU COUNTY,1,0,0,0,0
360,528813,87618,20140730,,,MODOC COUNTY,1,0,0,0,0
361,528824,87627,20140801,,JULY,WESTERN SISKIYOU COUNTY,1,0,0,0,0
362,528847,87628,20140801,,,MODOC COUNTY,1,0,0,0,0
363,528899,87646,20140801,,,NORTH CENTRAL & SOUTHEAST SISKIYOU COUNTY,1,0,0,0,0
364,528906,87626,20140801,,,WESTERN SISKIYOU COUNTY,1,0,0,0,0
365,528912,87652,20140801,,,WESTERN SISKIYOU COUNTY,1,0,0,0,0
366,533014,88372,20140801,,,S SIERRA FOOTHILLS,1,0,0,0,0
367,533015,88372,20140801,,,S SIERRA MTNS,1,0,0,0,0
368,533017,88373,20140801,,,S SIERRA FOOTHILLS,1,0,0,0,0
369,533018,88373,20140801,,,S SIERRA MTNS,1,0,0,0,0
370,533024,88376,20140801,,,S SIERRA MTNS,1,0,0,0,0
371,528903,87650,20140802,,RAY'S,WESTERN SISKIYOU COUNTY,1,0,0,0,0
372,541635,90117,20140802,,,BURNEY BASIN/EASTERN SHASTA COUNTY,1,0,0,0,0
373,528913,87653,20140812,,,WESTERN SISKIYOU COUNTY,1,0,0,0,0
374,533020,88374,20140818,,,KERN CTY MTNS,1,0,0,0,0
375,533022,88375,20140818,,,S SIERRA FOOTHILLS,1,0,0,0,0
376,531780,88103,20140901,,RAY'S,WESTERN SISKIYOU COUNTY,1,0,0,0,0
377,531781,88104,20140901,,,WESTERN SISKIYOU COUNTY,1,0,0,0,0
378,539730,89633,20140905,2687,BRIDGE,S SIERRA FOOTHILLS,1,0,0,0,3
379,539729,89632,20140907,,,S SIERRA MTNS,1,0,0,0,0
380,543488,90559,20140912,2696,SILVERADO,SANTA ANA MOUNTAINS AND FOOTHILLS,1,0,0,0,0
381,543844,89239,20140913,2699,KING,WEST SLOPE NORTHERN SIERRA NEVADA,1,0,0,10,0
382,539731,89634,20140914,,,S SIERRA FOOTHILLS,1,0,0,0,4
383,538016,89328,20140915,,,CENTRAL SISKIYOU COUNTY,1,0,0,0,0
384,541261,90079,20141007,,,S SIERRA MTNS,1,0,1,0,0
385,557871,93003,20150206,2734,ROUND,OWENS VALLEY,1,0,0,0,0
386,563191,93723,20150206,2734,ROUND,MONO,1,0,0,0,0
387,578083,96160,20150507,,,MORONGO BASIN,1,0,0,0,0
388,587165,97603,20150617,2787,LAKE,SAN BERNARDINO COUNTY MOUNTAINS,1,0,0,0,0
389,586925,97537,20150618,,,S SIERRA FOOTHILLS,1,0,0,0,0
390,586926,97538,20150618,,,S SIERRA FOOTHILLS,1,0,0,0,0
391,596491,99355,20150717,,,SAN BERNARDINO COUNTY MOUNTAINS,1,0,0,0,0
392,593775,98854,20150718,,,WEST CENTRAL SAN JOAQUIN VALLEY,1,0,0,0,0
393,593779,98857,20150719,,,TULARE COUNTY MOUNTAINS,1,0,0,0,0
394,593776,98855,20150721,,TULARE LIGHTNING,TULARE COUNTY FOOTHILLS,1,0,0,0,0
395,596897,99432,20150722,2863,WRAGG,CARQUINEZ STRAIT AND DELTA,1,0,0,0,0
396,596854,99432,20150723,,,WEST SLOPE NORTHERN SIERRA NEVADA,1,0,0,1,0
397,596492,99356,20150724,,,SAN DIEGO COUNTY MOUNTAINS,1,0,0,0,0
398,593777,98856,20150725,2870,WILLOW,SOUTH SIERRA FOOTHILLS; SOUTH SIERRA MOUNTAINS,2,0,0,0,0
399,596730,99401,20150725,,CAL,WEST SLOPE NORTHERN SIERRA NEVADA,1,0,0,6,0
400,596809,99421,20150727,2879,ROCKY,CLEAR LAKE/SOUTHERN LAKE COUNTY; SOUTHERN SACRAMENTO VALLEY,2,0,0,0,0
401,593780,98858,20150730,,ADVANCE,TULARE COUNTY FOOTHILLS,1,0,0,0,0
402,585274,97317,20150730,2898,FROG,MODOC COUNTY,1,1,0,0,0
403,585344,97329,20150801,,,MODOC COUNTY,1,0,0,0,0
404,593781,98859,20150801,2870,WILLOW,SOUTH SIERRA FOOTHILLS; SOUTH SIERRA MOUNTAINS,2,0,0,0,0
405,593783,98860,20150801,,LION,TULARE COUNTY MOUNTAINS,1,0,0,0,0
406,593784,98861,20150801,2933,ROUGH,SOUTH SIERRA MOUNTAINS; TULARE COUNTY MOUNTAINS,2,0,0,0,0
407,597892,99687,20150801,2879,ROCKY,CLEAR LAKE/SOUTHERN LAKE COUNTY,1,0,0,0,0
408,597901,99691,20150801,2867,LOWELL,WEST SLOPE NORTHERN SIERRA NEVADA,1,0,0,0,0
409,597896,99687,20150809,2959,JERUSALEM,CLEAR LAKE/SOUTHERN LAKE COUNTY,1,0,0,0,0
410,598351,99780,20150901,2933,ROUGH,SOUTH SIERRA MOUNTAINS; TULARE COUNTY MOUNTAINS,2,0,0,0,0
411,598353,99781,20150907,,,SOUTH SIERRA MOUNTAINS,1,0,0,0,0
412,597821,99362,20150909,2996,BUTTE,WEST SLOPE NORTHERN SIERRA NEVADA,1,2,0,1,0
413,597822,99362,20150912,3003,VALLEY,CLEAR LAKE/SOUTHERN LAKE COUNTY,1,4,0,4,0
414,637328,106160,20160601,3284,CHIMNEY,TULARE CTY MTNS,1,0,0,0,0
415,630794,105242,20160607,,,WESTERN SISKIYOU COUNTY,1,0,0,0,0
416,645579,107256,20160615,3132,SHERPA,SANTA BARBARA COUNTY MOUNTAINS,1,0,0,0,0
417,644664,107567,20160619,,BORDER,SAN DIEGO COUNTY VALLEYS,1,2,0,0,0
418,645581,107731,20160620,,SAN GABRIEL,LOS ANGELES COUNTY MOUNTAINS EXCLUDING THE SANTA MONICA RANGE,1,0,0,0,0
419,637349,106161,20160623,3150,ERSKINE,KERN CTY MTNS,1,2,0,0,0
420,647044,108000,20160628,3171,TRAILHEAD,MOTHERLODE/CAMPTONVILLE TO GROVELAND,1,0,0,0,0
421,645580,107256,20160630,3173,PINE,VENTURA COUNTY MOUNTAINS,1,0,0,0,0
422,644845,107604,20160701,3150,ERSKINE,KERN CTY MTNS,1,0,0,0,0
423,645582,107732,20160701,3132,SHERPA,SANTA BARBARA COUNTY MOUNTAINS,1,0,0,0,0
424,645583,107732,20160701,3173,PINE,SANTA BARBARA COUNTY MOUNTAINS,1,0,0,0,0
425,645584,107732,20160701,,SAN GABRIEL,LOS ANGELES COUNTY MOUNTAINS EXCLUDING THE SANTA MONICA RANGE,1,0,0,0,0
426,650493,108589,20160701,3171,TRAILHEAD,MOTHERLODE/CAMPTONVILLE TO GROVELAND,1,0,0,0,0
427,644848,107605,20160701,,,KERN CTY MTNS,1,0,0,0,0
428,644866,107606,20160701,3174,CURRY,W CENTRAL S.J. VALLEY,1,0,0,0,0
429,645586,107733,20160709,3197,SAGE,LOS ANGELES COUNTY MOUNTAINS EXCLUDING THE SANTA MONICA RANGE,1,0,0,0,0
430,652430,108919,20160718,3222,CHECKPOINT,SAN BERNARDINO AND RIVERSIDE COUNTY VALLEYS - THE INLAND EMPIRE,1,0,0,1,0
431,652443,108921,20160721,3232,ROBLAR,SAN DIEGO COUNTY VALLEYS,1,0,0,0,0
432,645585,107733,20160722,3239,SAND,LOS ANGELES COUNTY MOUNTAINS EXCLUDING THE SANTA MONICA RANGE,1,0,0,0,0
433,644876,107609,20160730,,,S SIERRA FOOTHILLS,1,0,0,0,0
434,652808,108973,20160801,3239,SAND,LOS ANGELES COUNTY MOUNTAINS EXCLUDING THE SANTA MONICA RANGE,1,0,0,0,0
435,656692,109775,20160801,,,S SIERRA FOOTHILLS,1,0,0,0,0
436,656758,109807,20160807,,,SAN BERNARDINO COUNTY MOUNTAINS,1,0,0,0,0
437,656695,109777,20160809,3275,MINERAL,W CENTRAL S.J. VALLEY,1,0,0,0,0
438,652811,108974,20160813,3284,CHIMNEY,SAN LUIS OBISPO COUNTY INTERIOR VALLEYS,1,0,0,0,0
439,650756,108651,20160813,3285,CLAYTON,CLEAR LAKE/SOUTHERN LAKE COUNTY,1,0,0,0,0
440,656752,109803,20160816,,,SAN BERNARDINO COUNTY MOUNTAINS,1,0,0,0,2
441,656693,109776,20160816,,,KERN CTY MTNS,1,0,0,0,0
442,656694,109776,20160816,,,TULARE CTY MTNS,1,0,0,0,0
443,652812,108974,20160818,3297,REY,SANTA BARBARA COUNTY MOUNTAINS,1,0,0,0,0
444,646768,107955,20160824,,,CENTRAL SISKIYOU COUNTY,1,0,0,0,0
445,646771,107956,20160827,,,WESTERN SISKIYOU COUNTY,1,0,0,0,0
446,647493,108063,20160901,,,WESTERN SISKIYOU COUNTY,1,0,0,0,0
447,652814,108976,20160901,3284,CHIMNEY,SAN LUIS OBISPO COUNTY INTERIOR VALLEYS,1,0,0,0,0
448,652815,108976,20160901,3297,REY,SANTA BARBARA COUNTY MOUNTAINS,1,0,0,0,0
449,656696,109778,20160901,,,KERN CTY MTNS,1,0,0,0,0
450,656697,109778,20160901,,,TULARE CTY MTNS,1,0,0,0,0
451,648138,108187,20160905,3325,SADDLE,NORTHEAST FOOTHILLS/SACRAMENTO VALLEY,1,0,0,0,3
452,651855,108816,20160917,,SOUP,MODOC COUNTY,1,0,0,0,0
453,652816,108977,20160917,3347,CANYON,SANTA BARBARA COUNTY CENTRAL COAST,1,0,0,0,0
454,654562,109304,20161001,,SOUP,MODOC COUNTY,1,0,0,0,0
455,687976,114698,20170430,3416,OPERA,SAN BERNARDINO AND RIVERSIDE COUNTY VALLEYS - THE INLAND EMPIRE,1,0,0,0,0
456,687979,114698,20170430,3417,TOWER,SAN BERNARDINO COUNTY MOUNTAINS,1,0,0,0,0
457,700465,116474,20170519,,DELUZ,APPLE AND LUCERNE VALLEYS,1,0,0,0,0
458,709511,118025,20170618,,,KERN CTY MTNS,1,0,0,0,0
459,709510,118024,20170623,,,W CENTRAL S.J. VALLEY,1,0,0,0,0
460,709512,118026,20170701,3523,SCHAEFFER,TULARE CTY MTNS,1,0,0,0,0
461,702831,116893,20170705,,,WESTERN SISKIYOU COUNTY,1,0,0,0,0
462,718124,119740,20170706,3580,ALAMO,SAN LUIS OBISPO COUNTY CENTRAL COAST; SAN LUIS OBISPO COUNTY MOUNTAINS; SANTA BARBARA COUNTY MOUNTAINS; SANTA YNEZ VALLEY,4,0,0,0,0
463,698876,116242,20170707,3587,WALL,CENTRAL SACRAMENTO VALLEY,1,0,0,0,6
464,718128,119740,20170708,3595,WHITTIER,SANTA BARBARA COUNTY MOUNTAINS; SANTA BARBARA COUNTY SOUTH COAST; SANTA YNEZ VALLEY,3,0,0,0,0
465,715757,119182,20170710,,FARAD,GREATER LAKE TAHOE AREA,1,0,0,0,0
466,702863,116896,20170713,,,MODOC COUNTY,1,0,0,0,0
467,709513,118027,20170716,3623,DETWILER,S SIERRA FOOTHILLS,1,0,0,0,0
468,702905,116899,20170717,3627,MARIA,MOTHERLODE/CAMPTONVILLE TO GROVELAND,1,1,0,0,0
469,703258,116934,20170723,,,MODOC COUNTY,1,0,0,0,0
470,705697,117345,20170725,,,WESTERN SISKIYOU COUNTY,1,0,0,0,0
471,710852,118280,20170801,,,MODOC COUNTY,1,0,0,0,0
472,710865,118289,20170801,3787,ECLIPSE,WESTERN SISKIYOU COUNTY,1,0,0,0,0
473,718151,119749,20170801,3623,DETWILER,S SIERRA FOOTHILLS,1,0,0,0,0
474,710836,118282,20170803,,,MODOC COUNTY,1,0,0,0,0
475,710868,118290,20170810,,SALMON AUGUST,WESTERN SISKIYOU COUNTY,1,0,0,0,0
476,718289,119784,20170813,3769,SOUTH FORK,S SIERRA MTNS,1,0,0,0,0
477,718315,119790,20170829,3818,PIER,TULARE CTY MTNS,1,0,0,5,0
478,718304,119788,20170829,3822,RAILROAD,S SIERRA MTNS,1,0,0,6,0
479,711896,118476,20170829,3820,PONDEROSA,CENTRAL SACRAMENTO VALLEY,1,0,0,2,0
480,720903,120304,20170829,3823,SLINKARD,MONO,1,0,0,0,0
481,716466,119331,20170901,3787,ECLIPSE,WESTERN SISKIYOU COUNTY,1,0,0,0,0
482,716467,119332,20170901,,SALMON AUGUST,WESTERN SISKIYOU COUNTY,1,0,0,0,0
483,718317,119791,20170901,3822,RAILROAD,S SIERRA MTNS,1,0,0,6,0
484,718319,119792,20170901,3818,PIER,TULARE CTY MTNS,1,0,0,5,0
485,722764,120660,20170901,3823,SLINKARD,MONO,1,0,0,0,0
486,718132,119742,20170901,3836,LA TUNA,LOS ANGELES COUNTY SAN FERNANDO VALLEY,1,0,0,0,0
487,718335,119796,20170903,3847,MISSION,S SIERRA FOOTHILLS,1,0,0,0,0
488,718337,119796,20170903,,,S SIERRA FOOTHILLS,1,0,0,0,0
489,719053,119919,20170911,,,SANTA CRUZ MOUNTAINS,1,0,0,0,0
490,719054,119919,20170911,,,SANTA LUCIA MOUNTAINS AND LOS PADRES NATIONAL FOREST,1,0,0,0,0
491,719052,119919,20170911,3872,SKEGGS,SANTA CRUZ MOUNTAINS,1,0,0,0,0
492,715504,119137,20170923,3906,ESTATE,CARQUINEZ STRAIT AND DELTA,1,0,0,0,0
493,722826,120682,20170925,3754,CANYON,SANTA ANA MOUNTAINS AND FOOTHILLS,1,0,0,0,0
494,724178,120985,20171008,,,SOUTHEASTERN MENDOCINO INTERIOR,1,8,0,1,0
495,722087,120449,20171008,3939,TUBBS,NORTH BAY INTERIOR VALLEYS,1,0,0,0,0
496,722090,120449,20171008,3929,ATLAS,NORTH BAY MOUNTAINS,1,0,0,0,0
497,722092,120449,20171008,3934,NUNS,NORTH BAY MOUNTAINS,1,0,0,0,0
498,725590,121203,20171008,3929,ATLAS,CARQUINEZ STRAIT AND DELTA,1,0,0,0,0
499,725589,121203,20171008,,WIND,CENTRAL SACRAMENTO VALLEY,1,4,0,0,1
500,725731,121203,20171008,,SULPHUR,CLEAR LAKE/SOUTHERN LAKE COUNTY,1,0,0,0,0
501,722093,120449,20171009,3935,POCKET,NORTH BAY MOUNTAINS,1,0,0,0,0
502,725310,121156,20171009,3754,CANYON,ORANGE COUNTY INLAND,1,0,0,0,0
503,729836,121926,20171204,3988,THOMAS,SANTA BARBARA COUNTY MOUNTAINS; SANTA BARBARA COUNTY SOUTH COAST; VENTURA COUNTY COAST; VENTURA COUNTY INTERIOR VALLEYS; VENTURA COUNTY MOUNTAINS,5,1,0,0,0
504,731496,122079,20171207,3994,LILAC,SAN DIEGO COUNTY VALLEYS,1,0,0,0,0
505,758142,126483,20180517,4055,PATTERSON,SAN BERNARDINO AND RIVERSIDE COUNTY VALLEYS - THE INLAND EMPIRE,1,0,0,0,0
506,766055,127720,20180602,,,ORANGE COUNTY COASTAL,1,0,0,5,0
507,795862,133033,20180604,4301,STONE,LOS ANGELES COUNTY MOUNTAINS EXCLUDING THE SANTA MONICA RANGE,1,0,0,0,0
508,767398,127937,20180609,4096,APPLE,NORTHERN SACRAMENTO VALLEY,1,0,0,0,0
509,767479,127958,20180609,4064,CHROME,CENTRAL SACRAMENTO VALLEY,1,0,0,0,0
510,767448,127947,20180623,4132,PAWNEE,CLEAR LAKE/SOUTHERN LAKE COUNTY,1,0,0,0,1
511,767707,127991,20180623,4245,MARTINEZ,COACHELLA VALLEY,1,0,0,3,0
512,767472,127954,20180630,4157,COUNTY,CARQUINEZ STRAIT AND DELTA,1,0,0,0,1
513,762221,127186,20180701,4157,COUNTY,NORTH BAY MOUNTAINS,1,0,0,1,0
514,756201,126140,20180705,,,CENTRAL SISKIYOU COUNTY,1,0,1,0,0
515,775713,129479,20180706,4178,WEST,SAN DIEGO COUNTY MOUNTAINS,1,0,0,1,0
516,767811,128013,20180713,4197,FERGUSON,S SIERRA FOOTHILLS; S SIERRA MTNS,2,2,0,9,0
517,758613,126567,20180715,,,WESTERN SISKIYOU COUNTY,1,0,0,0,0
518,776160,129546,20180723,4245,MARTINEZ,COACHELLA VALLEY,1,0,0,3,0
519,774715,129303,20180723,4235,CARR,NORTHERN SACRAMENTO VALLEY,1,2,2,0,0
520,776504,129607,20180725,4243,CRANSTON,RIVERSIDE COUNTY MOUNTAINS,1,0,0,0,0
521,774723,129303,20180727,,MENDOCINO,MOUNTAINS SOUTHWEST SHASTA COUNTY TO NORTHERN LAKE COUNTY,1,0,1,12,4
522,772800,128864,20180728,4253,STEELE,NORTH BAY MOUNTAINS,1,0,0,0,0
523,761590,127097,20180801,,,WESTERN SISKIYOU COUNTY,1,0,0,0,0
524,772801,128865,20180801,4253,STEELE,NORTH BAY MOUNTAINS,1,0,0,0,0
525,776252,129577,20180801,4197,FERGUSON,S SIERRA FOOTHILLS; S SIERRA MTNS,2,0,0,19,0
526,782702,130805,20180801,4243,CRANSTON,RIVERSIDE COUNTY MOUNTAINS,1,0,0,0,0
527,782710,130808,20180801,4266,DONNELL,WEST SLOPE NORTHERN SIERRA NEVADA,1,0,0,0,9
528,782722,130811,20180801,4292,HIRZ,SHASTA LAKE/NORTH SHASTA COUNTY,1,0,0,0,0
529,782705,130806,20180806,4284,HOLY,SANTA ANA MOUNTAINS AND FOOTHILLS,1,0,0,0,0
530,766490,127817,20180815,,,MODOC COUNTY,1,0,0,0,0
531,771377,128587,20180901,,,WESTERN SISKIYOU COUNTY,1,0,0,0,0
532,787171,131597,20180905,4331,DELTA,SHASTA LAKE/NORTH SHASTA COUNTY,1,0,0,0,0
533,777669,129834,20181001,,,WESTERN SISKIYOU COUNTY,1,0,0,0,0
534,788371,131807,20181103,4396,RINCON,SANTA CRUZ MOUNTAINS,1,0,0,0,0
535,788675,131864,20181108,4400,CAMP,NORTHEAST FOOTHILLS/SACRAMENTO VALLEY,1,86,0,12,0
536,795851,133031,20181108,4401,HILL,VENTURA COUNTY COAST; VENTURA COUNTY COASTAL VALLEYS,2,0,0,0,0
537,795857,133032,20181108,4404,WOOLSEY,LOS ANGELES COUNTY COASTS INCLUDING DOWNTOWN LOS ANGELES; LOS ANGELES COUNTY SAN FERNANDO VALLEY; SANTA MONICA MOUNTAINS RECREATION AREA; VENTURA COUNTY COAST; VENTURA COUNTY COASTAL VALLEYS,5,3,0,0,0
538,837626,139253,20190608,4459,SAND,SOUTHERN SACRAMENTO VALLEY,1,0,0,2,0
539,824261,137321,20190611,,SAN JOSE,EAST BAY HILLS AND THE DIABLO RANGE,1,0,0,0,1
540,837849,139300,20190625,4499,ROCK,NORTHERN SAN JOAQUIN VALLEY,1,0,0,0,0
541,834377,138743,20190728,,,NORTHEAST SISKIYOU AND NORTHWEST MODOC COUNTIES,1,0,0,0,0
542,834378,138745,20190801,,,NORTHEAST SISKIYOU AND NORTHWEST MODOC COUNTIES,1,0,0,0,0
543,841995,139944,20190807,,,EAST BAY INTERIOR VALLEYS,1,0,0,0,0
544,850022,141564,20190815,,,SAN BERNARDINO AND RIVERSIDE COUNTY VALLEYS - THE INLAND EMPIRE,1,0,0,0,0
545,854518,142312,20190822,4587,MOUNTAIN,NORTHERN SACRAMENTO VALLEY,1,0,0,3,0
546,858235,143054,20190824,4590,LONG VALLEY,LASSEN/EASTERN PLUMAS/EASTERN SIERRA,1,0,0,0,0
547,848688,141308,20190901,,,SOUTHERN SALINAS VALLEY / ARROYO SECO / LAKE SAN ANTONIO,1,0,0,0,0
548,858350,143067,20190904,4616,WALKER,LASSEN/EASTERN PLUMAS/EASTERN SIERRA,1,0,0,0,0
549,858107,142822,20190904,4615,TENAJA,SAN BERNARDINO AND RIVERSIDE COUNTY VALLEYS - THE INLAND EMPIRE,1,0,0,3,0
550,857284,142866,20190904,4614,TABOOSE,EASTERN SIERRA SLOPES OF INYO COUNTY,1,0,0,0,1
551,843879,140340,20190905,,,CENTRAL SISKIYOU COUNTY,1,0,0,0,0
552,858276,143060,20190905,4631,RED BANK,MOUNTAINS SOUTHWEST SHASTA COUNTY TO NORTHERN LAKE COUNTY,1,0,0,0,0
553,858275,143060,20190905,4633,SOUTH,MOUNTAINS SOUTHWEST SHASTA COUNTY TO NORTHERN LAKE COUNTY,1,0,0,0,0
554,843881,140342,20190905,,,MODOC COUNTY,1,0,0,0,0
555,843880,140341,20190905,,,WESTERN SISKIYOU COUNTY,1,0,0,0,0
556,858288,143061,20190907,,,NORTHEAST FOOTHILLS/SACRAMENTO VALLEY,1,0,0,0,0
557,858118,142773,20190914,4613,HORSESHOE,SAN BERNARDINO AND RIVERSIDE COUNTY VALLEYS - THE INLAND EMPIRE,1,0,0,0,0
558,854822,142394,20191006,,,NORTH BAY INTERIOR VALLEYS,1,0,0,0,0
559,854840,142397,20191010,,,EAST BAY INTERIOR VALLEYS,1,0,0,0,0
560,861536,143571,20191010,4682,SANDALWOOD,SAN BERNARDINO AND RIVERSIDE COUNTY VALLEYS - THE INLAND EMPIRE,1,2,0,0,0
561,861537,143571,20191010,,RECHE,SAN BERNARDINO AND RIVERSIDE COUNTY VALLEYS - THE INLAND EMPIRE,1,0,0,0,0
562,863131,143753,20191010,,,WEST SLOPE NORTHERN SIERRA NEVADA,1,0,0,7,0
563,861463,143563,20191010,,SADDLERIDGE,LOS ANGELES COUNTY MOUNTAINS EXCLUDING THE SANTA MONICA RANGE; LOS ANGELES COUNTY SAN FERNANDO VALLEY; SANTA CLARITA VALLEY,3,0,1,8,0
564,855131,142459,20191023,4695,KINCADE,NORTH BAY MOUNTAINS,1,0,0,4,0
565,855137,142459,20191024,,MUIR,COASTAL NORTH BAY INCLUDING POINT REYES NATIONAL SEASHORE,1,0,0,0,0
566,861459,143562,20191024,4699,TICK,LOS ANGELES COUNTY MOUNTAINS EXCLUDING THE SANTA MONICA RANGE; SANTA CLARITA VALLEY,2,0,0,4,0
567,855141,142459,20191024,4697,CABRILLO,SAN FRANCISCO PENINSULA COAST,1,0,0,0,0
568,855146,142459,20191024,,MINES,EAST BAY HILLS AND THE DIABLO RANGE,1,0,0,0,0
569,863236,143681,20191025,,MILLER,SAN DIEGO COUNTY VALLEYS,1,0,0,0,0
570,855275,142493,20191027,,CYPRESS,EAST BAY INTERIOR VALLEYS,1,0,0,0,0
571,855281,142493,20191027,4632,SKY,EAST BAY INTERIOR VALLEYS,1,0,0,0,0
572,855322,142493,20191027,,LAFAYETTE,EAST BAY INTERIOR VALLEYS,1,0,0,0,0
573,855360,142493,20191027,4695,KINCADE,SAN FRANCISCO BAY SHORELINE,1,0,0,0,0
574,855317,142493,20191027,,FOREST,EAST BAY INTERIOR VALLEYS,1,0,0,0,0
575,861470,143564,20191028,4704,GETTY,SANTA MONICA MOUNTAINS RECREATION AREA,1,0,0,0,0
576,856585,142690,20191030,4695,KINCADE,NORTH BAY MOUNTAINS,1,0,0,0,0
577,861473,143565,20191030,4707,EASY,VENTURA COUNTY COASTAL VALLEYS,1,0,0,3,0
578,862027,143582,20191030,,WATER,SAN BERNARDINO AND RIVERSIDE COUNTY VALLEYS - THE INLAND EMPIRE,1,0,0,1,0
579,862029,143582,20191030,,DEXTER,SAN BERNARDINO AND RIVERSIDE COUNTY VALLEYS - THE INLAND EMPIRE,1,0,0,0,0
580,861476,143566,20191031,4712,MARIA,VENTURA COUNTY COAST; VENTURA COUNTY COASTAL VALLEYS; VENTURA COUNTY INTERIOR VALLEYS,3,0,0,0,0
581,856590,142691,20191101,4695,KINCADE,NORTH BAY MOUNTAINS,1,0,0,4,0
582,863910,143909,20191101,4707,EASY,VENTURA COUNTY COASTAL VALLEYS,1,0,0,0,0
583,863913,143910,20191101,4712,MARIA,VENTURA COUNTY COAST; VENTURA COUNTY COASTAL VALLEYS; VENTURA COUNTY INTERIOR VALLEYS,3,0,0,0,0
584,891943,148119,20200603,4788,PLASKETT,SANTA LUCIA MOUNTAINS AND LOS PADRES NATIONAL FOREST,1,0,0,0,0
585,891937,148119,20200604,,COLLEEN,SANTA CLARA VALLEY INCLUDING SAN JOSE,1,0,0,0,0
586,891973,148121,20200605,,,SAN FRANCISCO,1,0,0,1,0
587,891990,148121,20200605,4792,LAKEVILLE,NORTH BAY INTERIOR VALLEYS,1,0,0,0,0
588,898386,149047,20200606,,,CARQUINEZ STRAIT AND DELTA,1,0,0,0,0
589,891992,148121,20200606,5209,GULCH,NORTH BAY INTERIOR VALLEYS,1,0,0,0,0
590,891994,148121,20200606,4746,WILLOW,EAST BAY INTERIOR VALLEYS,1,0,0,0,0
591,891996,148121,20200607,4798,BITTERWATER,SOUTHERN SALINAS VALLEY / ARROYO SECO / LAKE SAN ANTONIO,1,0,0,0,0
592,891998,148121,20200608,4803,BRADLEY,SOUTHERN SALINAS VALLEY / ARROYO SECO / LAKE SAN ANTONIO,1,0,0,0,0
593,914970,151869,20200610,4815,LIME,VENTURA COUNTY INTERIOR VALLEYS,1,0,0,0,0
594,914971,151870,20200615,4833,AVILA,SAN LUIS OBISPO COUNTY CENTRAL COAST,1,0,0,0,0
595,898389,149049,20200616,4839,WALKER,MOTHERLODE/CAMPTONVILLE TO GROVELAND,1,0,0,0,0
596,898392,149049,20200617,,,NORTHEAST FOOTHILLS/SACRAMENTO VALLEY,1,0,0,0,0
597,892100,148143,20200617,4983,RIDGE,SANTA LUCIA MOUNTAINS AND LOS PADRES NATIONAL FOREST,1,0,0,0,0
598,892102,148143,20200621,4860,HUNTER,SANTA LUCIA MOUNTAINS AND LOS PADRES NATIONAL FOREST,1,0,0,0,0
599,892103,148143,20200621,4861,STAGE,NORTHERN MONTEREY BAY,1,0,0,0,0
600,892108,148143,20200622,4866,RICO,SOUTHERN SALINAS VALLEY / ARROYO SECO / LAKE SAN ANTONIO,1,0,0,0,0
601,900079,149326,20200628,,,IMPERIAL VALLEY,1,1,0,0,0
602,914972,151871,20200701,4891,ROWHER,LOS ANGELES COUNTY MOUNTAINS EXCLUDING THE SANTA MONICA RANGE,1,0,0,0,0
603,910217,150997,20200703,4892,MOUNT R,SAN BERNARDINO COUNTY MOUNTAINS,1,0,0,0,0
604,905852,150226,20200704,,SHERIDAN,EAST BAY HILLS AND THE DIABLO RANGE,1,0,0,0,0
605,906066,150226,20200704,4895,PARK,EAST BAY HILLS AND THE DIABLO RANGE,1,0,0,0,0
606,906069,150226,20200705,4899,CREWS,SANTA CLARA VALLEY INCLUDING SAN JOSE,1,0,0,0,0
607,914973,151872,20200705,4904,SOLEDAD,ANTELOPE VALLEY,1,0,0,0,0
608,906079,150226,20200706,,CALIFORNIA,EAST BAY INTERIOR VALLEYS,1,0,0,0,0
609,911089,151113,20200712,,,SAN DIEGO COUNTY COASTAL AREAS,1,0,0,68,0
610,912683,151456,20200713,,,WEST SIDE HILLS,1,0,0,0,0
611,906081,149652,20200715,4934,COYOTE,MOUNTAINS OF SAN BENITO COUNTY AND INTERIOR MONTEREY COUNTY INCLUDING PINNACLES NATIONAL PARK,1,0,0,0,0
612,901998,149652,20200715,4931,MINERAL,SANTA LUCIA MOUNTAINS AND LOS PADRES NATIONAL FOREST,1,0,0,0,0
613,906087,150285,20200720,,HOLLAND,EAST BAY INTERIOR VALLEYS,1,0,0,0,0
614,910218,150924,20200720,,BERNARDINO COUNTY,SAN BERNARDINO COUNTY MOUNTAINS,1,0,0,0,0
615,898083,149019,20200721,,,CENTRAL SISKIYOU COUNTY,1,0,0,0,0
616,898084,149020,20200722,,JULY,MODOC COUNTY,1,0,0,0,0
617,912684,151457,20200724,,,CENTRAL SIERRA,1,0,0,0,0
618,914975,151873,20200727,4983,RIDGE,LOS ANGELES COUNTY MOUNTAINS EXCLUDING THE SANTA MONICA RANGE,1,0,0,0,0
619,914008,151704,20200731,,,SAN BERNARDINO COUNTY MOUNTAINS,1,0,0,0,0
620,898310,149039,20200801,,JULY,MODOC COUNTY,1,0,0,0,0
621,916949,152230,20200801,4998,APPLE,RIVERSIDE COUNTY MOUNTAINS; SAN BERNARDINO COUNTY MOUNTAINS,2,0,0,0,0
622,915153,151961,20200801,5004,POND,SAN LUIS OBISPO COUNTY INTERIOR VALLEYS,1,0,0,1,0
623,917670,152357,20200803,,PINE VOLUNTEER,LAKE ISABELLA,1,0,1,0,0
624,915154,151962,20200812,5037,LAKE,LOS ANGELES COUNTY MOUNTAINS EXCLUDING THE SANTA MONICA RANGE,1,0,0,4,0
625,915156,151963,20200813,,,LOS ANGELES COUNTY MOUNTAINS EXCLUDING THE SANTA MONICA RANGE,1,0,0,8,0
626,917682,152359,20200815,4988,HILLS,WEST SIDE HILLS,1,1,0,0,0
627,919160,152444,20200816,,SCU,NORTHERN SAN JOAQUIN VALLEY,1,0,0,0,0
628,919165,152444,20200816,5057,AUGUST,MOUNTAINS SOUTHWESTERN SHASTA COUNTY TO WESTERN COLUSA COUNTY,1,0,0,0,0
629,912890,150658,20200816,5067,SCU LIGHTNING,EAST BAY HILLS AND THE DIABLO RANGE,1,0,0,6,0
630,908492,150658,20200816,5061,CZU LIGHTNING,SANTA CRUZ MOUNTAINS,1,1,0,3,0
631,908494,150658,20200816,5065,RIVER,SANTA LUCIA MOUNTAINS AND LOS PADRES NATIONAL FOREST,1,0,0,4,0
632,919148,152444,20200817,,LNU,SOUTHERN SACRAMENTO VALLEY,1,1,0,0,0
633,912887,150658,20200817,5078,HENNESSEY,NORTH BAY MOUNTAINS,1,3,0,5,0
634,915157,151964,20200817,5079,HOLSER,VENTURA COUNTY INTERIOR VALLEYS,1,0,0,0,0
635,912892,150658,20200818,5091,CARMEL,SANTA LUCIA MOUNTAINS AND LOS PADRES NATIONAL FOREST,1,0,0,0,0
636,912897,150658,20200818,5099,WOODWARD,COASTAL NORTH BAY INCLUDING POINT REYES NATIONAL SEASHORE,1,0,0,0,0
637,911346,151159,20200819,,,WESTERN SISKIYOU COUNTY,1,0,0,0,0
638,917963,152416,20200819,,SQF,SEQUOIA KINGS,1,0,0,0,0
639,911345,151158,20200901,,,WESTERN SISKIYOU COUNTY,1,0,0,0,0
640,918120,152435,20200901,5061,CZU LIGHTNING,SANTA CRUZ MOUNTAINS,1,0,0,0,0
641,918121,152435,20200901,5065,RIVER,SANTA LUCIA MOUNTAINS AND LOS PADRES NATIONAL FOREST,1,0,0,0,0
642,918122,152435,20200901,,LNU LIGHTNING,NORTH BAY MOUNTAINS,1,0,0,0,0
643,918123,152435,20200901,5067,SCU LIGHTNING,EAST BAY HILLS AND THE DIABLO RANGE,1,0,0,0,0
644,918124,152435,20200901,5091,CARMEL,SANTA LUCIA MOUNTAINS AND LOS PADRES NATIONAL FOREST,1,0,0,0,0
645,918125,152435,20200901,5099,WOODWARD,COASTAL NORTH BAY INCLUDING POINT REYES NATIONAL SEASHORE,1,0,0,0,0
646,918603,152505,20200901,5057,AUGUST,SOUTHERN TRINITY,1,0,0,0,0
647,921475,152991,20200901,,SQF,SEQUOIA KINGS,1,0,0,15,0
648,922722,153247,20200901,,SCU,NORTHERN SAN JOAQUIN VALLEY,1,0,0,0,0
649,922723,153247,20200901,5057,AUGUST,MOUNTAINS SOUTHWESTERN SHASTA COUNTY TO WESTERN COLUSA COUNTY,1,0,0,0,0
650,922724,153247,20200901,,LNU,SOUTHERN SACRAMENTO VALLEY,1,0,0,0,0
651,922726,153247,20200901,5084,NORTH,NORTHEAST FOOTHILLS/SACRAMENTO VALLEY,1,0,0,0,0
652,922212,152993,20200904,,,CENTRAL SIERRA,1,0,0,29,0
653,922213,152993,20200904,,,NORTH KINGS RIVER,1,0,0,0,0
654,922214,152993,20200904,,,CENTRAL SIERRA FOOTHILLS,1,0,0,0,0
655,920774,152854,20200905,,,SAN BERNARDINO COUNTY MOUNTAINS,1,1,0,13,0
656,920651,152854,20200905,5132,VALLEY,SAN DIEGO COUNTY MOUNTAINS,1,0,0,0,0
657,931505,154606,20200906,5133,BOBCAT,LOS ANGELES COUNTY MOUNTAINS EXCLUDING THE SANTA MONICA RANGE,1,0,0,0,0
658,922725,153230,20200907,5084,NORTH,NORTHEAST FOOTHILLS/SACRAMENTO VALLEY,1,16,0,0,0
659,909605,150907,20200908,,,WESTERN SISKIYOU COUNTY,1,0,0,0,0
660,911343,151156,20200909,,,WESTERN SISKIYOU COUNTY,1,0,0,0,0
661,911344,151157,20200914,,,WESTERN SISKIYOU COUNTY,1,0,0,0,0
662,917313,152288,20200927,5162,GLASS,NORTH BAY MOUNTAINS,1,0,0,0,0
663,923441,153249,20200927,5164,ZOGG,NORTHERN SACRAMENTO VALLEY,1,4,0,1,0
664,921597,152998,20200929,,CANDY,SAN BERNARDINO AND RIVERSIDE COUNTY VALLEYS - THE INLAND EMPIRE,1,0,0,0,0
665,914248,151744,20201001,,,WESTERN SISKIYOU COUNTY,1,0,0,0,0
666,914249,151745,20201001,,,WESTERN SISKIYOU COUNTY,1,0,0,0,0
667,914250,151746,20201001,,,WESTERN SISKIYOU COUNTY,1,0,0,0,0
668,921476,152992,20201001,,SQF,SEQUOIA KINGS,1,0,0,0,0
669,923442,153357,20201001,5164,ZOGG,NORTHERN SACRAMENTO VALLEY,1,0,0,0,0
670,923443,153358,20201001,5084,NORTH,NORTHEAST FOOTHILLS/SACRAMENTO VALLEY,1,0,0,0,0
671,923444,153358,20201001,,LNU,SOUTHERN SACRAMENTO VALLEY,1,0,0,0,0
672,923446,153361,20201001,5129,CREEK,CENTRAL SIERRA; CENTRAL SIERRA FOOTHILLS; NORTH KINGS RIVER,3,0,0,0,0
673,924742,153358,20201001,,SCU,NORTHERN SAN JOAQUIN VALLEY,1,0,0,0,0
674,924743,153358,20201001,5057,AUGUST,MOUNTAINS SOUTHWESTERN SHASTA COUNTY TO WESTERN COLUSA COUNTY,1,0,0,0,0
675,921046,152917,20201023,,,NORTH BAY MOUNTAINS,1,0,0,0,0
676,924591,153562,20201026,5199,SILVERADO,SANTA ANA MOUNTAINS AND FOOTHILLS,1,0,0,2,0
677,924588,153562,20201026,,,SANTA ANA MOUNTAINS AND FOOTHILLS,1,0,0,0,0
678,919823,152699,20201101,,,WESTERN SISKIYOU COUNTY,1,0,0,0,0
679,919824,152700,20201101,,,WESTERN SISKIYOU COUNTY,1,0,0,0,0
680,919826,152701,20201101,,,WESTERN SISKIYOU COUNTY,1,0,0,0,0
681,923445,153360,20201101,5100,CASTLE,SEQUOIA KINGS,1,0,0,0,0
682,924304,153510,20201101,5129,CREEK,CENTRAL SIERRA; CENTRAL SIERRA FOOTHILLS; NORTH KINGS RIVER,3,0,0,0,0
683,929484,154278,20201101,5084,NORTH,NORTHEAST FOOTHILLS/SACRAMENTO VALLEY,1,0,0,0,0
684,929485,154278,20201101,5057,AUGUST,MOUNTAINS SOUTHWESTERN SHASTA COUNTY TO WESTERN COLUSA COUNTY,1,0,0,0,0
685,932473,154764,20201117,5205,MOUNTAIN VIEW,MONO,1,1,0,0,0
686,929237,154213,20201127,,CAL,SAN DIEGO COUNTY MOUNTAINS,1,0,0,1,0
687,929486,154280,20201201,5084,NORTH,NORTHEAST FOOTHILLS/SACRAMENTO VALLEY,1,0,0,0,0
688,933226,154849,20201201,,CAL,SAN BERNARDINO AND RIVERSIDE COUNTY VALLEYS - THE INLAND EMPIRE; SANTA ANA MOUNTAINS AND FOOTHILLS,2,0,0,2,0
689,933232,154849,20201202,,,SAN DIEGO COUNTY VALLEYS,1,0,0,0,0
690,933233,154849,20201203,,,SAN BERNARDINO AND RIVERSIDE COUNTY VALLEYS - THE INLAND EMPIRE,1,0,0,0,0
691,934843,155030,20201213,5218,SANDERSON,SAN BERNARDINO AND RIVERSIDE COUNTY VALLEYS - THE INLAND EMPIRE,1,0,0,0,0
692,934878,155030,20201216,,CHAPARRAL,SAN DIEGO COUNTY VALLEYS,1,0,0,0,0
693,938317,155248,20210114,,,SAN DIEGO COUNTY MOUNTAINS,1,0,0,0,0
694,936072,155248,20210119,,,COACHELLA VALLEY,1,0,0,0,0
695,932308,154672,20210119,,,SANTA CRUZ MOUNTAINS,1,0,0,0,0
696,946276,156615,20210218,,,SAN BERNARDINO AND RIVERSIDE COUNTY VALLEYS - THE INLAND EMPIRE,1,0,0,0,0
697,954931,157991,20210401,,,SAN DIEGO COUNTY COASTAL AREAS,1,0,0,0,0
698,960754,158954,20210501,5308,SOUTHERN,SAN DIEGO COUNTY DESERTS,1,0,0,0,0
699,960752,158952,20210522,,,SAN DIEGO COUNTY VALLEYS,1,0,0,0,0
700,960753,158952,20210524,,,SAN BERNARDINO AND RIVERSIDE COUNTY VALLEYS - THE INLAND EMPIRE,1,0,0,0,0
701,955244,158035,20210530,,SARGENTS,SOUTHERN SALINAS VALLEY / ARROYO SECO / LAKE SAN ANTONIO,1,0,0,0,0
702,967136,159763,20210605,,,SAN BERNARDINO AND RIVERSIDE COUNTY VALLEYS - THE INLAND EMPIRE,1,0,0,0,0
703,965754,159762,20210605,,,SAN BERNARDINO AND RIVERSIDE COUNTY VALLEYS - THE INLAND EMPIRE,1,0,0,0,0
704,967125,159763,20210609,,,APPLE AND LUCERNE VALLEYS,1,0,0,0,0
705,966941,159943,20210613,,,RIVERSIDE COUNTY MOUNTAINS,1,0,0,0,0
706,961458,158996,20210617,5393,WILLOW,SANTA LUCIA MOUNTAINS AND LOS PADRES NATIONAL FOREST,1,0,0,0,0
707,967133,159944,20210619,,,SAN DIEGO COUNTY DESERTS,1,0,0,0,0
708,967114,159944,20210623,,,SAN DIEGO COUNTY VALLEYS,1,0,0,0,0
709,956885,158278,20210625,,,NORTH CENTRAL & SOUTHEAST SISKIYOU COUNTY,1,0,0,0,0
710,956886,158279,20210628,,,NORTH CENTRAL & SOUTHEAST SISKIYOU COUNTY,1,0,0,0,0
711,967137,159995,20210628,,,SAN BERNARDINO AND RIVERSIDE COUNTY VALLEYS - THE INLAND EMPIRE,1,0,0,0,0
712,970007,160506,20210630,5442,SALT,SHASTA LAKE/NORTH SHASTA COUNTY,1,0,0,0,0
713,957544,158399,20210701,,,NORTH CENTRAL & SOUTHEAST SISKIYOU COUNTY,1,0,0,0,0
714,957545,158400,20210701,,,NORTH CENTRAL & SOUTHEAST SISKIYOU COUNTY,1,0,0,0,0
715,970260,160572,20210701,5442,SALT,SHASTA LAKE/NORTH SHASTA COUNTY,1,0,0,0,0
716,958543,158535,20210704,,,MODOC COUNTY,1,0,0,0,0
717,966985,159953,20210711,5477,DIABLO,EAST BAY INTERIOR VALLEYS,1,0,0,0,0
718,959522,158669,20210711,,,SOUTH CENTRAL SISKIYOU COUNTY,1,0,0,0,0
719,977355,161880,20210713,5483,DIXIE,MT SHASTA/WESTERN PLUMAS COUNTY,1,1,0,3,0
720,977357,161881,20210729,5507,MCFARLAND,MOUNTAINS SOUTHWESTERN SHASTA COUNTY TO WESTERN COLUSA COUNTY,1,0,0,0,0
721,964554,159492,20210730,5510,RIVER,WESTERN SISKIYOU COUNTY,1,0,0,0,0
722,984428,163031,20210730,5510,RIVER,NORTHERN TRINITY,1,0,0,0,0
723,984434,163036,20210730,5509,MONUMENT,NORTHERN TRINITY,1,0,0,0,0
724,964556,159495,20210731,,,WESTERN SISKIYOU COUNTY,1,0,0,0,0
725,963896,159384,20210801,,,NORTH CENTRAL & SOUTHEAST SISKIYOU COUNTY,1,0,0,0,0
726,964553,159491,20210801,5510,RIVER,WESTERN SISKIYOU COUNTY,1,0,0,0,0
727,964555,159494,20210801,,,WESTERN SISKIYOU COUNTY,1,0,0,0,0
728,984427,163030,20210801,5510,RIVER,NORTHERN TRINITY,1,0,0,0,0
729,984432,163035,20210801,5509,MONUMENT,NORTHERN TRINITY,1,0,0,0,0
730,987015,163494,20210801,5507,MCFARLAND,MOUNTAINS SOUTHWESTERN SHASTA COUNTY TO WESTERN COLUSA COUNTY,1,0,0,0,0
731,987020,162941,20210801,5483,DIXIE,MT SHASTA/WESTERN PLUMAS COUNTY,1,0,0,0,0
732,964552,159490,20210801,,,NORTH CENTRAL & SOUTHEAST SISKIYOU COUNTY,1,0,0,0,0
733,987022,163495,20210814,5542,CALDOR,MOTHERLODE/CAMPTONVILLE TO GROVELAND; WEST SLOPE NORTHERN SIERRA NEVADA,2,0,0,0,0
734,980570,162266,20210824,5552,ROCK,RIVERSIDE COUNTY MOUNTAINS,1,0,0,0,0
735,980575,162266,20210825,5556,SOUTH,SAN BERNARDINO AND RIVERSIDE COUNTY VALLEYS - THE INLAND EMPIRE,1,0,0,0,0
736,980576,162266,20210828,5562,CHAPARRAL,SANTA ANA MOUNTAINS AND FOOTHILLS,1,0,0,1,0
737,970626,160649,20210901,5510,RIVER,WESTERN SISKIYOU COUNTY,1,0,0,0,0
738,970628,160650,20210901,,,NORTH CENTRAL & SOUTHEAST SISKIYOU COUNTY,1,0,0,0,0
739,970629,160651,20210901,,,WESTERN SISKIYOU COUNTY,1,0,0,0,0
740,984426,163029,20210901,5510,RIVER,NORTHERN TRINITY,1,0,0,0,0
741,984433,163034,20210901,5509,MONUMENT,NORTHERN TRINITY,1,0,0,0,0
742,987021,163496,20210901,5483,DIXIE,MT SHASTA/WESTERN PLUMAS COUNTY,1,0,0,0,0
743,987024,163497,20210901,5542,CALDOR,MOTHERLODE/CAMPTONVILLE TO GROVELAND; WEST SLOPE NORTHERN SIERRA NEVADA,2,0,0,0,0
744,987026,163498,20210901,5507,MCFARLAND,MOUNTAINS SOUTHWESTERN SHASTA COUNTY TO WESTERN COLUSA COUNTY,1,0,0,0,0
745,979095,162178,20210901,,LASSEN,NORTH BAY MOUNTAINS,1,0,0,0,0
746,984826,163113,20210912,5586,HOPKINS,SOUTHEASTERN MENDOCINO INTERIOR,1,0,0,0,0
747,984124,162967,20210921,,RIVERSIDE COUNTY,SAN BERNARDINO AND RIVERSIDE COUNTY VALLEYS - THE INLAND EMPIRE,1,0,0,0,0
748,984116,162967,20210922,,UNIVERSITY,SAN BERNARDINO AND RIVERSIDE COUNTY VALLEYS - THE INLAND EMPIRE,1,0,0,0,0
749,979142,162186,20210922,,FREMONT,NORTH BAY INTERIOR VALLEYS,1,0,0,0,0
750,977838,161891,20211001,5510,RIVER,WESTERN SISKIYOU COUNTY,1,0,0,0,0
751,977839,161892,20211001,,,SOUTH CENTRAL SISKIYOU COUNTY,1,0,0,0,0
752,977840,161890,20211001,,,NORTH CENTRAL & SOUTHEAST SISKIYOU COUNTY,1,0,0,0,0
753,984430,163033,20211001,5509,MONUMENT,NORTHERN TRINITY,1,0,0,0,0
754,990593,164081,20211001,5483,DIXIE,MT SHASTA/WESTERN PLUMAS COUNTY,1,0,0,0,0
755,990594,164082,20211001,5542,CALDOR,MOTHERLODE/CAMPTONVILLE TO GROVELAND; WEST SLOPE NORTHERN SIERRA NEVADA,2,0,0,0,0
756,984425,163028,20211001,5510,RIVER,NORTHERN TRINITY,1,0,0,0,0
757,993003,163996,20211111,,RIVERSIDE COUNTY,COACHELLA VALLEY,1,0,0,0,0
758,990134,164003,20211125,,,SAN DIEGO COUNTY VALLEYS,1,0,0,0,0
759,1009241,166820,20220209,,,IMPERIAL COUNTY SOUTHEAST,1,0,0,0,0
760,1008678,166517,20220210,5613,EMERALD,ORANGE COUNTY COASTAL,1,0,0,0,0
761,1012484,167265,20220302,,,SANTA ANA MOUNTAINS AND FOOTHILLS,1,0,0,3,0
762,1015436,167773,20220314,,HERITAGE,APPLE AND LUCERNE VALLEYS,1,0,0,0,0
763,1009366,166835,20220328,,,IMPERIAL VALLEY,1,0,0,0,0
764,1019578,168418,20220510,,,SAN DIEGO COUNTY VALLEYS,1,0,0,0,0
765,1019573,168417,20220511,5640,COASTAL,ORANGE COUNTY COASTAL,1,0,0,0,0
766,1029559,169921,20220520,,COSTA COUNTY,EAST BAY INTERIOR VALLEYS,1,0,0,0,0
767,1024527,169118,20220612,,,SAN BERNARDINO COUNTY MOUNTAINS,1,0,0,0,0
768,1024583,169118,20220612,,WALA,ORANGE COUNTY COASTAL,1,0,0,0,0
769,1024588,169118,20220612,,,SAN DIEGO COUNTY MOUNTAINS,1,0,0,0,0
770,1024594,169118,20220613,,,SAN DIEGO COUNTY MOUNTAINS,1,0,0,3,0
771,1024637,169134,20220622,,,RIVERSIDE COUNTY MOUNTAINS,1,0,0,0,0
772,1024640,169134,20220622,,,SAN DIEGO COUNTY MOUNTAINS,1,0,0,0,0
773,1038907,170799,20220628,5733,RICES,MOTHERLODE/CAMPTONVILLE TO GROVELAND,1,0,0,0,0
774,1038908,171131,20220701,5733,RICES,MOTHERLODE/CAMPTONVILLE TO GROVELAND,1,0,0,0,0
775,1043575,171929,20220704,5743,ELECTRA,MOTHERLODE/CAMPTONVILLE TO GROVELAND,1,0,0,0,0
776,1039335,171215,20220712,,,SAN DIEGO COUNTY DESERTS,1,0,0,0,0
777,1043561,171924,20220714,5764,PETER,NORTHERN SACRAMENTO VALLEY,1,0,0,0,0
778,1039287,171208,20220717,,,SAN DIEGO COUNTY VALLEYS,1,0,0,0,0
779,1038352,171064,20220728,,,WESTERN SISKIYOU COUNTY,1,0,0,0,0
780,1038347,171061,20220729,,,CENTRAL SISKIYOU COUNTY,1,0,0,0,0
781,1038348,171061,20220729,,,WESTERN SISKIYOU COUNTY,1,0,0,0,0
782,1038349,171062,20220801,,,CENTRAL SISKIYOU COUNTY,1,0,0,0,0
783,1038350,171062,20220801,,,WESTERN SISKIYOU COUNTY,1,4,0,0,0
784,1038351,171063,20220801,,,WESTERN SISKIYOU COUNTY,1,0,0,0,0
785,1038358,171070,20220801,,,WESTERN SISKIYOU COUNTY,1,0,0,0,0
786,1045800,172276,20220817,5831,BRONCO,SAN BERNARDINO COUNTY MOUNTAINS,1,0,0,0,0
787,1047265,172538,20220831,,,SAN DIEGO COUNTY MOUNTAINS,1,0,0,0,0
788,1043644,171937,20220901,,,CENTRAL SISKIYOU COUNTY,1,0,0,0,0
789,1043645,171937,20220901,,,WESTERN SISKIYOU COUNTY,1,0,0,0,0
790,1043652,171941,20220901,,,WESTERN SISKIYOU COUNTY,1,0,0,0,0
791,1051015,173075,20220901,,,SAN DIEGO COUNTY MOUNTAINS,1,0,0,0,0
792,1044021,171958,20220902,5852,MILL,CENTRAL SISKIYOU COUNTY,1,2,0,0,0
793,1044023,171959,20220902,,,WESTERN SISKIYOU COUNTY,1,0,0,0,0
794,1051016,173076,20220905,5862,FAIRVIEW,SAN BERNARDINO AND RIVERSIDE COUNTY VALLEYS - THE INLAND EMPIRE,1,2,0,3,0
795,1045586,172229,20220907,,,MODOC COUNTY,1,0,0,0,0
796,1058215,174447,20220907,5864,MOSQUITO,WEST SLOPE NORTHERN SIERRA NEVADA,1,0,0,2,0
797,1058210,174557,20220913,5876,DUTCH,WEST SLOPE NORTHERN SIERRA NEVADA,1,0,0,0,0
798,1057427,174410,20220923,5885,MANZANITA,SAN BERNARDINO COUNTY MOUNTAINS,1,0,0,0,0
799,1060028,174859,20221001,5864,MOSQUITO,WEST SLOPE NORTHERN SIERRA NEVADA,1,0,0,0,0
800,1064033,175435,20221116,,,SAN DIEGO COUNTY VALLEYS,1,0,0,0,0
801,1093133,179518,20230426,5915,NOB,SAN BERNARDINO COUNTY MOUNTAINS,1,0,0,0,0
802,1106194,181674,20230522,,,SAN BERNARDINO AND RIVERSIDE COUNTY VALLEYS - THE INLAND EMPIRE,1,0,0,0,0
803,1106195,181675,20230617,5962,WILDCAT,APPLE AND LUCERNE VALLEYS,1,0,0,0,0
804,1106193,181673,20230627,6017,JUNIPER,SAN BERNARDINO AND RIVERSIDE COUNTY VALLEYS - THE INLAND EMPIRE,1,0,0,0,0
805,1120905,183455,20230713,6012,RECHE,SAN BERNARDINO AND RIVERSIDE COUNTY VALLEYS - THE INLAND EMPIRE,1,0,0,0,0
806,1120910,183455,20230714,6009,HIGHLAND,SAN BERNARDINO AND RIVERSIDE COUNTY VALLEYS - THE INLAND EMPIRE,1,0,0,0,0
807,1120908,183455,20230714,6011,RABBIT,SAN BERNARDINO AND RIVERSIDE COUNTY VALLEYS - THE INLAND EMPIRE,1,0,0,0,0
808,1120904,183455,20230715,6013,GAVILAN,SAN BERNARDINO AND RIVERSIDE COUNTY VALLEYS - THE INLAND EMPIRE,1,0,0,0,0
809,1124510,183899,20230725,,,SAN DIEGO,1,0,0,0,0
810,1124514,183901,20230727,6028,BONNY,RIVERSIDE COUNTY MOUNTAINS,1,0,0,1,0
811,1124513,183901,20230727,,SUNSET,SAN BERNARDINO AND RIVERSIDE COUNTY VALLEYS - THE INLAND EMPIRE,1,0,0,0,0
812,1136321,185328,20230815,,SMITH RIVER,DEL NORTE INTERIOR,1,0,0,0,23
813,1127872,184305,20230815,,AUGUST LIGHTNING,CENTRAL SISKIYOU COUNTY,1,0,0,0,0
814,1127874,184307,20230815,,HAPPY CAMP,WESTERN SISKIYOU COUNTY,1,0,0,0,0
815,1127936,184318,20230901,,HAPPY CAMP,WESTERN SISKIYOU COUNTY,1,0,0,0,0
816,1136323,185330,20230901,,SMITH RIVER,DEL NORTE INTERIOR,1,0,0,0,0
817,1140115,185722,20230909,6121,QUARRY,WEST SLOPE NORTHERN SIERRA NEVADA,1,0,0,0,0
818,1129350,184483,20231001,,HAPPY CAMP,WESTERN SISKIYOU COUNTY,1,0,0,0,0
819,1144023,186429,20231001,6121,QUARRY,BURNEY BASIN/EASTERN SHASTA COUNTY,1,0,0,0,0
820,1144430,186485,20231030,6009,HIGHLAND,SAN BERNARDINO AND RIVERSIDE COUNTY VALLEYS - THE INLAND EMPIRE,1,0,0,2,0
821,1144431,186485,20231030,,ESCALA,SAN DIEGO COUNTY VALLEYS,1,0,0,0,0
822,1152500,187701,20231209,,ELM,SAN GORGONIO PASS NEAR BANNING,1,0,0,0,0
823,1167155,189900,20240403,,,OWENS VALLEY,1,0,0,1,0
824,1175622,191043,20240521,,,MODOC COUNTY,1,0,0,0,0
825,1207199,195302,20240615,6346,POST,NORTHERN VENTURA COUNTY MOUNTAINS; NORTHWESTERN LOS ANGELES COUNTY MOUNTAINS INCLUDING THE INTERSTATE 5 CORRIDOR,2,0,0,0,0
826,1197792,193871,20240616,6354,POINT,NORTH BAY INTERIOR VALLEYS,1,0,0,0,0
827,1196430,193666,20240616,,,SAN BERNARDINO AND RIVERSIDE COUNTY VALLEYS - THE INLAND EMPIRE,1,0,0,0,0
828,1196434,193666,20240617,,,COACHELLA VALLEY,1,0,0,0,0
829,1178611,191406,20240617,6360,SITES,MOUNTAINS SOUTHWESTERN SHASTA COUNTY TO WESTERN COLUSA COUNTY,1,0,0,0,0
830,1178610,191406,20240617,6356,AERO,MOTHERLODE/CAMPTONVILLE TO GROVELAND,1,0,0,0,0
831,1177109,191203,20240622,,NEEDLES,SAN BERNARDINO COUNTY-UPPER COLORADO RIVER VALLEY,1,0,0,0,0
832,1179192,191529,20240626,,,NORTHEAST SISKIYOU AND NORTHWEST MODOC COUNTIES,1,0,0,0,0
833,1180496,191718,20240702,6432,THOMPSON,CENTRAL SACRAMENTO VALLEY,1,0,0,0,0
834,1198449,191530,20240703,,,WESTERN SISKIYOU COUNTY,1,0,0,0,0
835,1207201,195303,20240705,6453,LAKE,SANTA BARBARA COUNTY INTERIOR MOUNTAINS,1,0,0,0,0
836,1198450,193949,20240707,,,MODOC COUNTY,1,0,0,0,0
837,1198451,193950,20240708,,,CENTRAL SISKIYOU COUNTY,1,0,0,0,0
838,1206979,195257,20240721,,,SAN BERNARDINO AND RIVERSIDE COUNTY VALLEYS - THE INLAND EMPIRE,1,0,0,0,0
839,1199325,194066,20240722,,,MODOC COUNTY,1,0,0,0,0
840,1206980,195257,20240724,,,SAN DIEGO COUNTY MOUNTAINS,1,0,0,0,0
841,1192060,192310,20240724,6542,PARK,CENTRAL SACRAMENTO VALLEY; MT SHASTA/WESTERN PLUMAS COUNTY; NORTHEAST FOOTHILLS/SACRAMENTO VALLEY; NORTHERN SACRAMENTO VALLEY,4,0,0,0,0
842,1206981,195258,20240729,,,RIVERSIDE COUNTY MOUNTAINS,1,0,0,0,0
843,1196460,193668,20240801,6542,PARK,CENTRAL SACRAMENTO VALLEY; MT SHASTA/WESTERN PLUMAS COUNTY; NORTHEAST FOOTHILLS/SACRAMENTO VALLEY; NORTHERN SACRAMENTO VALLEY,4,0,0,0,0
844,1199529,194096,20240801,,,WESTERN SISKIYOU COUNTY,1,0,0,0,0
845,1214456,196269,20240801,,,RIVERSIDE COUNTY MOUNTAINS,1,0,0,0,0
846,1207976,195450,20240807,6579,CROZIER,MOTHERLODE/CAMPTONVILLE TO GROVELAND; WEST SLOPE NORTHERN SIERRA NEVADA,2,0,0,0,0
847,1214444,196265,20240822,,,SAN BERNARDINO AND RIVERSIDE COUNTY VALLEYS - THE INLAND EMPIRE,1,0,0,0,0
848,1214435,196265,20240822,,,SAN GORGONIO PASS NEAR BANNING,1,0,0,0,0
849,1214436,196265,20240823,,,SAN GORGONIO PASS NEAR BANNING,1,0,0,0,0
850,1214441,196265,20240824,,,SAN BERNARDINO COUNTY MOUNTAINS,1,0,0,0,0
851,1214437,196265,20240825,,,SANTA ANA MOUNTAINS AND FOOTHILLS,1,0,0,0,0
852,1214439,196266,20240828,,,SAN DIEGO COUNTY VALLEYS,1,0,0,0,0
853,1209080,195616,20240901,6542,PARK,CENTRAL SACRAMENTO VALLEY; MT SHASTA/WESTERN PLUMAS COUNTY; NORTHEAST FOOTHILLS/SACRAMENTO VALLEY; NORTHERN SACRAMENTO VALLEY,4,0,0,0,0
854,1218710,196978,20240905,,THE,SAN BERNARDINO COUNTY MOUNTAINS,1,0,0,4,0
855,1207202,195304,20240908,6636,BRIDGE,EST SAN GABRIEL MOUNTAINS,1,0,0,0,0
856,1218727,196978,20240908,,,SAN BERNARDINO COUNTY MOUNTAINS,1,0,0,8,0
857,1218724,196978,20240909,,A,SANTA ANA MOUNTAINS AND FOOTHILLS,1,0,0,22,0
858,1219526,196978,20240910,,,SAN BERNARDINO AND RIVERSIDE COUNTY VALLEYS - THE INLAND EMPIRE,1,0,0,0,0
859,1221508,197461,20241007,,,SAN DIEGO COUNTY MOUNTAINS,1,0,0,0,0
860,1221507,197455,20241009,,,RIVERSIDE COUNTY MOUNTAINS,1,0,0,0,0
861,1211948,195965,20241009,6684,SHOE,SHASTA LAKE/NORTH SHASTA COUNTY,1,0,0,1,0
862,1221506,197455,20241013,,,SAN BERNARDINO AND RIVERSIDE COUNTY VALLEYS - THE INLAND EMPIRE,1,0,0,0,0
863,1221505,197460,20241031,,,SAN DIEGO COUNTY VALLEYS,1,0,0,0,0
864,1215933,196451,20241101,6684,SHOE,SHASTA LAKE/NORTH SHASTA COUNTY,1,0,0,0,0
865,1225386,198167,20241107,,,ORANGE COUNTY INLAND,1,0,0,0,0
866,1225387,198167,20241108,,,SAN DIEGO COUNTY VALLEYS,1,0,0,0,0
867,1225388,198167,20241108,,,SAN DIEGO COUNTY MOUNTAINS,1,0,0,0,0
868,1230300,199036,20250107,6731,PALISADES,EST SANTA MONICA MOUNTAINS; MALIBU COAST,2,12,0,4,0
869,1230302,199036,20250107,6732,EATON,EST SAN GABRIEL MOUNTAINS; LOS ANGELES COUNTY SAN GABRIEL VALLEY,2,17,0,9,0
870,1230308,199036,20250107,6730,HURST,WESTERN SAN FERNANDO VALLEY; WESTERN SAN GABRIEL MOUNTAINS INCLUDING THE HIGHWAY 14 CORRIDOR,2,0,0,0,0
871,1230305,199036,20250109,6735,KENNETH,CALABASAS AND AGOURA HILLS; SOUTHEST VENTURA COUNTY VALLEYS,2,0,0,0,0
872,1232764,199328,20250121,,,SAN DIEGO COUNTY VALLEYS,1,0,0,0,0
873,1232585,199328,20250121,,,SAN DIEGO COUNTY COASTAL AREAS,1,0,0,0,0
874,1232586,199328,20250122,,,SAN DIEGO COUNTY VALLEYS,1,0,0,0,0
875,1232758,199328,20250123,,,SAN DIEGO COUNTY MOUNTAINS,1,0,0,0,0
876,1232766,199328,20250123,,,SAN BERNARDINO AND RIVERSIDE COUNTY VALLEYS - THE INLAND EMPIRE,1,0,0,0,0
877,1248772,201183,20250330,6750,SILVER,OWENS VALLEY,1,0,0,0,0
878,1256369,202127,20250506,,,VISALIA - PORTERVILLE - REEDLEY,1,0,0,0,0
879,1258127,202370,20250522,6823,MIDWAY,EAST BAY HILLS,1,0,0,0,0
880,1275202,204592,20250628,6947,LAKE,SAN BERNARDINO COUNTY MOUNTAINS,1,0,0,0,0
881,1267361,203484,20250701,6962,GREEN,SHASTA LAKE/NORTH SHASTA COUNTY,1,0,0,0,0
882,1268615,203703,20250702,6964,MADRE,SAN LUIS OBISPO COUNTY INTERIOR VALLEYS; SAN LUIS OBISPO COUNTY MOUNTAINS,2,0,0,2,0
883,1290238,206753,20250702,,MARBLE,WESTERN SISKIYOU COUNTY,1,0,0,0,0
884,1290243,206758,20250724,,,NORTHEAST SISKIYOU AND NORTHWEST MODOC COUNTIES,1,0,0,0,0
885,1284131,203743,20250801,6962,GREEN,SHASTA LAKE/NORTH SHASTA COUNTY,1,0,0,0,0
886,1290370,206792,20250801,,,NORTHEAST SISKIYOU AND NORTHWEST MODOC COUNTIES,1,0,0,0,0
887,1291500,206985,20250801,7053,GIFFORD,CUYAMA VALLEY; SAN LUIS OBISPO COUNTY INTERIOR VALLEYS; SAN LUIS OBISPO COUNTY MOUNTAINS; SANTA BARBARA COUNTY INTERIOR MOUNTAINS; SANTA LUCIA MOUNTAINS,5,0,0,0,0
888,1291507,206986,20250807,7065,CANYON,CENTRAL VENTURA COUNTY VALLEYS; SANTA CLARITA VALLEY,2,0,0,0,0
889,1290374,206793,20250811,,,NORTHEAST SISKIYOU AND NORTHWEST MODOC COUNTIES,1,0,0,0,0
890,1277383,204819,20250821,7093,PICKETT,NORTH BAY INTERIOR MOUNTAINS,1,0,0,0,0
891,1290395,206796,20250826,,,WESTERN SISKIYOU COUNTY,1,0,0,0,0
892,1290404,206798,20250826,,,WESTERN SISKIYOU COUNTY,1,0,0,0,0
893,1290413,206803,20250901,,,WESTERN SISKIYOU COUNTY,1,0,0,0,0
894,1290414,206804,20250901,,,WESTERN SISKIYOU COUNTY,1,0,0,0,0
895,1282610,205521,20250902,,SEPTEMBER LIGHTNING,MOTHERLODE/CAMPTONVILLE TO GROVELAND; NORTHERN SAN JOAQUIN VALLEY,2,0,0,1,0
896,1296470,207992,20251001,,,WESTERN SISKIYOU COUNTY,1,0,0,0,0
897,1294914,207633,20251113,7230,PACK,MONO,1,0,0,0,0
